study,authors,crop,p_dependency,farm_size,habitat_description,habitat,agr_intensity,distance,distance_measure,treatment,fruitset,study_design,sampling_effort,sites,location,source
Enriquez,Enriquez et al. 2015,squash,Essential (90-100%),Small (<1ha),"secondary vegetation, incl. large forest fragments (>300ha)",other,low,96.91,reported,open,0.0539,single distance per site,100,10,PU1,corresponding author(s)
Enriquez,Enriquez et al. 2015,squash,Essential (90-100%),Small (<1ha),"secondary vegetation, incl. large forest fragments (>300ha)",other,low,88.48,reported,open,0.0539,single distance per site,100,10,PU2,corresponding author(s)
Enriquez,Enriquez et al. 2015,squash,Essential (90-100%),Small (<1ha),"secondary vegetation, incl. large forest fragments (>300ha)",other,low,28.46,reported,open,0.1317,single distance per site,100,10,RE1,corresponding author(s)
Enriquez,Enriquez et al. 2015,squash,Essential (90-100%),Small (<1ha),"secondary vegetation, incl. large forest fragments (>300ha)",other,low,21.51,reported,open,0,single distance per site,100,10,PA2,corresponding author(s)
Enriquez,Enriquez et al. 2015,squash,Essential (90-100%),Small (<1ha),"secondary vegetation, incl. large forest fragments (>300ha)",other,low,12.51,reported,open,0.018,single distance per site,100,10,CH1,corresponding author(s)
Enriquez,Enriquez et al. 2015,squash,Essential (90-100%),Small (<1ha),"secondary vegetation, incl. large forest fragments (>300ha)",other,low,124.62,reported,open,0.1317,single distance per site,100,10,CH2,corresponding author(s)
Enriquez,Enriquez et al. 2015,squash,Essential (90-100%),Small (<1ha),"secondary vegetation, incl. large forest fragments (>300ha)",other,low,60.38,reported,open,0.1796,single distance per site,100,10,RE2,corresponding author(s)
Enriquez,Enriquez et al. 2015,squash,Essential (90-100%),Small (<1ha),"secondary vegetation, incl. large forest fragments (>300ha)",other,low,151.37,reported,open,0.2096,single distance per site,100,10,RE3,corresponding author(s)
Enriquez,Enriquez et al. 2015,squash,Essential (90-100%),Small (<1ha),"secondary vegetation, incl. large forest fragments (>300ha)",other,low,111.03,reported,open,0.1377,single distance per site,100,10,UB1,corresponding author(s)
Enriquez,Enriquez et al. 2015,squash,Essential (90-100%),Small (<1ha),"secondary vegetation, incl. large forest fragments (>300ha)",other,low,239.01,reported,open,0.0838,single distance per site,100,10,UB2,corresponding author(s)
Escobedo,Escobedo-Kenefic et al. 2024,"Brassica rapa (rape, rape seed)",Modest (10-40%),Small <2ha,"forest (humid montane and low-montane tropical forests dominated by pine, forest reserves)",natural forest,both,3.11,reported,NA,0.71807,nested design,1,6,B2,corresponding author(s)
Escobedo,Escobedo-Kenefic et al. 2024,"Brassica rapa (rape, rape seed)",Modest (10-40%),Small <2ha,"forest (humid montane and low-montane tropical forests dominated by pine, forest reserves)",natural forest,both,6.27,reported,NA,0.71131,nested design,1,6,B2,corresponding author(s)
Escobedo,Escobedo-Kenefic et al. 2024,"Brassica rapa (rape, rape seed)",Modest (10-40%),Small <2ha,"forest (humid montane and low-montane tropical forests dominated by pine, forest reserves)",natural forest,both,14.4,reported,NA,0.71407,nested design,1,6,B2,corresponding author(s)
Escobedo,Escobedo-Kenefic et al. 2024,"Brassica rapa (rape, rape seed)",Modest (10-40%),Small <2ha,"forest (humid montane and low-montane tropical forests dominated by pine, forest reserves)",natural forest,both,19.69,reported,NA,0.64734,nested design,1,6,C5,corresponding author(s)
Escobedo,Escobedo-Kenefic et al. 2024,"Brassica rapa (rape, rape seed)",Modest (10-40%),Small <2ha,"forest (humid montane and low-montane tropical forests dominated by pine, forest reserves)",natural forest,both,19.87,reported,NA,0.739491588,nested design,1,6,B1,corresponding author(s)
Escobedo,Escobedo-Kenefic et al. 2024,"Brassica rapa (rape, rape seed)",Modest (10-40%),Small <2ha,"forest (humid montane and low-montane tropical forests dominated by pine, forest reserves)",natural forest,both,27.56,reported,NA,0.717299578,nested design,1,6,B1,corresponding author(s)
Escobedo,Escobedo-Kenefic et al. 2024,"Brassica rapa (rape, rape seed)",Modest (10-40%),Small <2ha,"forest (humid montane and low-montane tropical forests dominated by pine, forest reserves)",natural forest,both,36.51,reported,NA,0.614792865,nested design,1,6,B3,corresponding author(s)
Escobedo,Escobedo-Kenefic et al. 2024,"Brassica rapa (rape, rape seed)",Modest (10-40%),Small <2ha,"forest (humid montane and low-montane tropical forests dominated by pine, forest reserves)",natural forest,both,44.27,reported,NA,0.705597096,nested design,1,6,B2,corresponding author(s)
Escobedo,Escobedo-Kenefic et al. 2024,"Brassica rapa (rape, rape seed)",Modest (10-40%),Small <2ha,"forest (humid montane and low-montane tropical forests dominated by pine, forest reserves)",natural forest,both,73.35,reported,NA,0.711221494,nested design,1,6,B3,corresponding author(s)
Escobedo,Escobedo-Kenefic et al. 2024,"Brassica rapa (rape, rape seed)",Modest (10-40%),Small <2ha,"forest (humid montane and low-montane tropical forests dominated by pine, forest reserves)",natural forest,both,86.44,reported,NA,0.61,nested design,1,6,C6,corresponding author(s)
Escobedo,Escobedo-Kenefic et al. 2024,"Brassica rapa (rape, rape seed)",Modest (10-40%),Small <2ha,"forest (humid montane and low-montane tropical forests dominated by pine, forest reserves)",natural forest,both,107.88,reported,NA,0.739789656,nested design,1,6,B3,corresponding author(s)
Escobedo,Escobedo-Kenefic et al. 2024,"Brassica rapa (rape, rape seed)",Modest (10-40%),Small <2ha,"forest (humid montane and low-montane tropical forests dominated by pine, forest reserves)",natural forest,both,110.51,reported,NA,0.67177,nested design,1,6,B2,corresponding author(s)
Escobedo,Escobedo-Kenefic et al. 2024,"Brassica rapa (rape, rape seed)",Modest (10-40%),Small <2ha,"forest (humid montane and low-montane tropical forests dominated by pine, forest reserves)",natural forest,both,132.09,reported,NA,0.70458,nested design,1,6,B3,corresponding author(s)
Escobedo,Escobedo-Kenefic et al. 2024,"Brassica rapa (rape, rape seed)",Modest (10-40%),Small <2ha,"forest (humid montane and low-montane tropical forests dominated by pine, forest reserves)",natural forest,both,192.37,reported,NA,0.623279468,nested design,1,6,C6,corresponding author(s)
Escobedo,Escobedo-Kenefic et al. 2024,"Brassica rapa (rape, rape seed)",Modest (10-40%),Small <2ha,"forest (humid montane and low-montane tropical forests dominated by pine, forest reserves)",natural forest,both,215.34,reported,NA,0.68145583,nested design,1,6,B1,corresponding author(s)
Escobedo,Escobedo-Kenefic et al. 2024,"Brassica rapa (rape, rape seed)",Modest (10-40%),Small <2ha,"forest (humid montane and low-montane tropical forests dominated by pine, forest reserves)",natural forest,both,321.25,reported,NA,0.754,nested design,1,6,B1,corresponding author(s)
Escobedo,Escobedo-Kenefic et al. 2024,"Brassica rapa (rape, rape seed)",Modest (10-40%),Small <2ha,"forest (humid montane and low-montane tropical forests dominated by pine, forest reserves)",natural forest,both,488.91,reported,NA,0.7122,nested design,1,6,C5,corresponding author(s)
Escobedo,Escobedo-Kenefic et al. 2024,"Brassica rapa (rape, rape seed)",Modest (10-40%),Small <2ha,"forest (humid montane and low-montane tropical forests dominated by pine, forest reserves)",natural forest,both,525.57,reported,NA,0.65574,nested design,1,6,C4,corresponding author(s)
Escobedo,Escobedo-Kenefic et al. 2024,"Brassica rapa (rape, rape seed)",Modest (10-40%),Small <2ha,"forest (humid montane and low-montane tropical forests dominated by pine, forest reserves)",natural forest,both,525.57,reported,NA,0.71519,nested design,1,6,C4,corresponding author(s)
Escobedo,Escobedo-Kenefic et al. 2024,"Brassica rapa (rape, rape seed)",Modest (10-40%),Small <2ha,"forest (humid montane and low-montane tropical forests dominated by pine, forest reserves)",natural forest,both,609.32,reported,NA,0.6971,nested design,1,6,C4,corresponding author(s)
Escobedo,Escobedo-Kenefic et al. 2024,"Brassica rapa (rape, rape seed)",Modest (10-40%),Small <2ha,"forest (humid montane and low-montane tropical forests dominated by pine, forest reserves)",natural forest,both,659.64,reported,NA,0.586,nested design,1,6,C6,corresponding author(s)
Escobedo,Escobedo-Kenefic et al. 2024,"Brassica rapa (rape, rape seed)",Modest (10-40%),Small <2ha,"forest (humid montane and low-montane tropical forests dominated by pine, forest reserves)",natural forest,both,661.38,reported,NA,0.673,nested design,1,6,C5,corresponding author(s)
Geeraert,Geeraert et al. 2020,coffee,Modest (10-40%),0.73,coffee production agroforest,other,low,120,estimated,open,0.28,single distance per site,6,18,Plot01,corresponding author(s)
Geeraert,Geeraert et al. 2020,coffee,Modest (10-40%),0.01,coffee production agroforest,other,low,40,estimated,open,0.32,single distance per site,5,18,Plot02,corresponding author(s)
Geeraert,Geeraert et al. 2020,coffee,Modest (10-40%),0.19,coffee production agroforest,other,low,80,estimated,open,0.41,single distance per site,6,18,Plot03,corresponding author(s)
Geeraert,Geeraert et al. 2020,coffee,Modest (10-40%),0.31,coffee production agroforest,other,low,80,estimated,open,0.26,single distance per site,6,18,Plot04,corresponding author(s)
Geeraert,Geeraert et al. 2020,coffee,Modest (10-40%),1.36,coffee production agroforest,other,low,85,estimated,open,0.18,single distance per site,6,18,Plot05,corresponding author(s)
Geeraert,Geeraert et al. 2020,coffee,Modest (10-40%),0.79,coffee production agroforest,other,low,90,estimated,open,0.35,single distance per site,6,18,Plot06,corresponding author(s)
Geeraert,Geeraert et al. 2020,coffee,Modest (10-40%),1.12,coffee production agroforest,other,low,65,estimated,open,0.31,single distance per site,5,18,Plot07,corresponding author(s)
Geeraert,Geeraert et al. 2020,coffee,Modest (10-40%),4.03,coffee production agroforest,other,low,250,estimated,open,0.57,single distance per site,4,18,Plot08.1,corresponding author(s)
Geeraert,Geeraert et al. 2020,coffee,Modest (10-40%),4.03,coffee production agroforest,other,low,220,estimated,open,0.04,single distance per site,3,18,Plot08.2,corresponding author(s)
Geeraert,Geeraert et al. 2020,coffee,Modest (10-40%),2.35,coffee production agroforest,other,low,210,estimated,open,0.57,single distance per site,6,18,Plot09,corresponding author(s)
Geeraert,Geeraert et al. 2020,coffee,Modest (10-40%),0.74,coffee production agroforest,other,low,110,estimated,open,0.04,single distance per site,6,18,Plot10,corresponding author(s)
Geeraert,Geeraert et al. 2020,coffee,Modest (10-40%),0.83,coffee production agroforest,other,low,100,estimated,open,0.38,single distance per site,6,18,Plot11,corresponding author(s)
Geeraert,Geeraert et al. 2020,coffee,Modest (10-40%),1.47,coffee production agroforest,other,low,110,estimated,open,0.39,single distance per site,6,18,Plot12,corresponding author(s)
Geeraert,Geeraert et al. 2020,coffee,Modest (10-40%),1.06,coffee production agroforest,other,low,135,estimated,open,0.2,single distance per site,6,18,Plot13,corresponding author(s)
Geeraert,Geeraert et al. 2020,coffee,Modest (10-40%),12.6,coffee production agroforest,other,low,390,estimated,open,0.06,single distance per site,6,18,Plot16.1,corresponding author(s)
Geeraert,Geeraert et al. 2020,coffee,Modest (10-40%),12.6,coffee production agroforest,other,low,170,estimated,open,0.25,single distance per site,6,18,Plot16.2,corresponding author(s)
Geeraert,Geeraert et al. 2020,coffee,Modest (10-40%),12.6,coffee production agroforest,other,low,160,estimated,open,0.58,single distance per site,6,18,Plot16.3,corresponding author(s)
Hansen,Hansen et al. 2020,guava,Little (0-10%),Medium (2 - 8 ha),forest (evergreen forest defined as areas dominated by trees generally 5-40m tall and 20% of total vegetation cover),natural forest,high,370.66,reported,open,0.06,single distance per site,10,6,site 1,supplementary info (fruit set raw data)
Hansen,Hansen et al. 2020,guava,Little (0-10%),Medium (2 - 8 ha),forest (evergreen forest defined as areas dominated by trees generally 5-40m tall and 20% of total vegetation cover),natural forest,high,752,reported,open,0.5,single distance per site,10,6,site 2,supplementary info (fruit set raw data)
Hansen,Hansen et al. 2020,guava,Little (0-10%),Medium (2 - 8 ha),forest (evergreen forest defined as areas dominated by trees generally 5-40m tall and 20% of total vegetation cover),natural forest,high,5475,reported,open,0.06,single distance per site,10,6,site 3,supplementary info (fruit set raw data)
Hansen,Hansen et al. 2020,guava,Little (0-10%),Medium (2 - 8 ha),forest (evergreen forest defined as areas dominated by trees generally 5-40m tall and 20% of total vegetation cover),natural forest,high,769.82,reported,open,0.24,single distance per site,10,6,site 4,supplementary info (fruit set raw data)
Hansen,Hansen et al. 2020,guava,Little (0-10%),Medium (2 - 8 ha),forest (evergreen forest defined as areas dominated by trees generally 5-40m tall and 20% of total vegetation cover),natural forest,high,8676,reported,open,0.34,single distance per site,10,6,site 5,supplementary info (fruit set raw data)
Hansen,Hansen et al. 2020,guava,Little (0-10%),Medium (2 - 8 ha),forest (evergreen forest defined as areas dominated by trees generally 5-40m tall and 20% of total vegetation cover),natural forest,high,7070,reported,open,0.76,single distance per site,10,6,site 6,supplementary info (fruit set raw data)
Hipolito,Hipolito et al. 2019,coffee arabica,Modest (10-40%),14.2306,natural vegetation,other,both,865.3,reported,open,0.74,single distance per site,sampled in 1 year,19,C02,corresponding author(s)
Hipolito,Hipolito et al. 2019,coffee arabica,Modest (10-40%),12.7014,natural vegetation,other,both,400,reported,open,0.65,single distance per site,sampled in 1 year,19,C03,corresponding author(s)
Hipolito,Hipolito et al. 2019,coffee arabica,Modest (10-40%),12.2509,natural vegetation,other,both,69.393,reported,open,0.68,single distance per site,sampled in 1 year,19,O03,corresponding author(s)
Hipolito,Hipolito et al. 2019,coffee arabica,Modest (10-40%),10.3556,natural vegetation,other,both,293,reported,open,0.76,single distance per site,sampled in 1 year,19,O09,corresponding author(s)
Hipolito,Hipolito et al. 2019,coffee arabica,Modest (10-40%),9.2636,natural vegetation,other,both,337,reported,open,0.705882353,single distance per site,sampled in 1 year,19,C07,corresponding author(s)
Hipolito,Hipolito et al. 2019,coffee arabica,Modest (10-40%),7.7328,natural vegetation,other,both,285,reported,open,0.69,single distance per site,sampled in 1 year,19,O06,corresponding author(s)
Hipolito,Hipolito et al. 2019,coffee arabica,Modest (10-40%),7.1468,natural vegetation,other,both,79.534,reported,open,NA,single distance per site,NA,19,O13,corresponding author(s)
Hipolito,Hipolito et al. 2019,coffee arabica,Modest (10-40%),6.7494,natural vegetation,other,both,203,reported,open,0.79,single distance per site,sampled in 1 year,19,C04,corresponding author(s)
Hipolito,Hipolito et al. 2019,coffee arabica,Modest (10-40%),5.9482,natural vegetation,other,both,409,reported,open,0.86,single distance per site,sampled in 1 year,19,O12,corresponding author(s)
Hipolito,Hipolito et al. 2019,coffee arabica,Modest (10-40%),5.6407,natural vegetation,other,both,91.616,reported,open,0.61,single distance per site,sampled in 1 year,19,O14,corresponding author(s)
Hipolito,Hipolito et al. 2019,coffee arabica,Modest (10-40%),4.5243,natural vegetation,other,both,233,reported,open,0.62,single distance per site,sampled in 1 year,19,O04,corresponding author(s)
Hipolito,Hipolito et al. 2019,coffee arabica,Modest (10-40%),3.5727,natural vegetation,other,both,61.964,reported,open,0.655,single distance per site,sampled across 2 years; here used the average,19,C01,corresponding author(s)
Hipolito,Hipolito et al. 2019,coffee arabica,Modest (10-40%),3.5677,natural vegetation,other,both,114.576,reported,open,0.52,single distance per site,sampled in 1 year,19,O11,corresponding author(s)
Hipolito,Hipolito et al. 2019,coffee arabica,Modest (10-40%),3.296,natural vegetation,other,both,62.848,reported,open,0.79,single distance per site,sampled in 1 year,19,O17,corresponding author(s)
Hipolito,Hipolito et al. 2019,coffee arabica,Modest (10-40%),1.5728,natural vegetation,other,both,131,reported,open,0.82,single distance per site,sampled in 1 year,19,O18,corresponding author(s)
Hipolito,Hipolito et al. 2019,coffee arabica,Modest (10-40%),1.3356,natural vegetation,other,both,36.789,reported,open,0.48,single distance per site,sampled in 1 year,19,O16,corresponding author(s)
Hipolito,Hipolito et al. 2019,coffee arabica,Modest (10-40%),1.2692,natural vegetation,other,both,40.401,reported,open,0.68,single distance per site,sampled in 1 year,19,O08,corresponding author(s)
Hipolito,Hipolito et al. 2019,coffee arabica,Modest (10-40%),1.2472,natural vegetation,other,both,289,reported,open,NA,single distance per site,NA,19,O19,corresponding author(s)
Hipolito,Hipolito et al. 2019,coffee arabica,Modest (10-40%),1.1517,natural vegetation,other,both,320,reported,open,0.43,single distance per site,sampled in 1 year,19,O01,corresponding author(s)
Klein_a),Klein et al. 2003 a),coffee arabica,Modest (10-40%),NA,natural rainforest,natural forest,low,100,reported,open,0.89725,single distance per site,counted flowers on three branches of four selected coffee shrubs per study site,24,area 1,corresponding author(s)
Klein_a),Klein et al. 2003 a),coffee arabica,Modest (10-40%),NA,natural rainforest,natural forest,low,1500,reported,open,0.681,single distance per site,counted flowers on three branches of four selected coffee shrubs per study site,24,area 2,corresponding author(s)
Klein_a),Klein et al. 2003 a),coffee arabica,Modest (10-40%),NA,natural rainforest,natural forest,low,2500,reported,open,0.77125,single distance per site,counted flowers on three branches of four selected coffee shrubs per study site,24,area 3,corresponding author(s)
Klein_a),Klein et al. 2003 a),coffee arabica,Modest (10-40%),NA,natural rainforest,natural forest,low,2000,reported,open,0.5,single distance per site,counted flowers on three branches of four selected coffee shrubs per study site,24,area 4,corresponding author(s)
Klein_a),Klein et al. 2003 a),coffee arabica,Modest (10-40%),NA,natural rainforest,natural forest,low,1000,reported,open,0.75,single distance per site,counted flowers on three branches of four selected coffee shrubs per study site,24,area 5,corresponding author(s)
Klein_a),Klein et al. 2003 a),coffee arabica,Modest (10-40%),NA,natural rainforest,natural forest,low,500,reported,open,0.7675,single distance per site,counted flowers on three branches of four selected coffee shrubs per study site,24,area 6,corresponding author(s)
Klein_a),Klein et al. 2003 a),coffee arabica,Modest (10-40%),NA,natural rainforest,natural forest,low,100,reported,open,0.628213957,single distance per site,counted flowers on three branches of four selected coffee shrubs per study site,24,area 7,corresponding author(s)
Klein_a),Klein et al. 2003 a),coffee arabica,Modest (10-40%),NA,natural rainforest,natural forest,low,1000,reported,open,0.764,single distance per site,counted flowers on three branches of four selected coffee shrubs per study site,24,area 8,corresponding author(s)
Klein_a),Klein et al. 2003 a),coffee arabica,Modest (10-40%),NA,natural rainforest,natural forest,low,0,reported,open,0.8,single distance per site,counted flowers on three branches of four selected coffee shrubs per study site,24,area 9,corresponding author(s)
Klein_a),Klein et al. 2003 a),coffee arabica,Modest (10-40%),NA,natural rainforest,natural forest,low,0,reported,open,0.9,single distance per site,counted flowers on three branches of four selected coffee shrubs per study site,24,area 10,corresponding author(s)
Klein_a),Klein et al. 2003 a),coffee arabica,Modest (10-40%),NA,natural rainforest,natural forest,low,50,reported,open,0.87225,single distance per site,counted flowers on three branches of four selected coffee shrubs per study site,24,area 11,corresponding author(s)
Klein_a),Klein et al. 2003 a),coffee arabica,Modest (10-40%),NA,natural rainforest,natural forest,low,800,reported,open,0.6,single distance per site,counted flowers on three branches of four selected coffee shrubs per study site,24,area 12,corresponding author(s)
Klein_a),Klein et al. 2003 a),coffee arabica,Modest (10-40%),NA,natural rainforest,natural forest,low,1500,reported,open,0.7,single distance per site,counted flowers on three branches of four selected coffee shrubs per study site,24,area 13,corresponding author(s)
Klein_a),Klein et al. 2003 a),coffee arabica,Modest (10-40%),NA,natural rainforest,natural forest,low,1500,reported,open,0.7,single distance per site,counted flowers on three branches of four selected coffee shrubs per study site,24,area 14,corresponding author(s)
Klein_a),Klein et al. 2003 a),coffee arabica,Modest (10-40%),NA,natural rainforest,natural forest,low,1000,reported,open,0.8,single distance per site,counted flowers on three branches of four selected coffee shrubs per study site,24,area 15,corresponding author(s)
Klein_a),Klein et al. 2003 a),coffee arabica,Modest (10-40%),NA,natural rainforest,natural forest,low,0,reported,open,0.875,single distance per site,counted flowers on three branches of four selected coffee shrubs per study site,24,area 16,corresponding author(s)
Klein_a),Klein et al. 2003 a),coffee arabica,Modest (10-40%),NA,natural rainforest,natural forest,low,600,reported,open,0.6,single distance per site,counted flowers on three branches of four selected coffee shrubs per study site,24,area 17,corresponding author(s)
Klein_a),Klein et al. 2003 a),coffee arabica,Modest (10-40%),NA,natural rainforest,natural forest,low,500,reported,open,0.8,single distance per site,counted flowers on three branches of four selected coffee shrubs per study site,24,area 18,corresponding author(s)
Klein_a),Klein et al. 2003 a),coffee arabica,Modest (10-40%),NA,natural rainforest,natural forest,low,0,reported,open,0.69025,single distance per site,counted flowers on three branches of four selected coffee shrubs per study site,24,area 19,corresponding author(s)
Klein_a),Klein et al. 2003 a),coffee arabica,Modest (10-40%),NA,natural rainforest,natural forest,low,600,reported,open,0.757,single distance per site,counted flowers on three branches of four selected coffee shrubs per study site,24,area 20,corresponding author(s)
Klein_a),Klein et al. 2003 a),coffee arabica,Modest (10-40%),NA,natural rainforest,natural forest,low,10,reported,open,0.8875,single distance per site,counted flowers on three branches of four selected coffee shrubs per study site,24,area 21,corresponding author(s)
Klein_a),Klein et al. 2003 a),coffee arabica,Modest (10-40%),NA,natural rainforest,natural forest,low,1500,reported,open,0.7625,single distance per site,counted flowers on three branches of four selected coffee shrubs per study site,24,area 22,corresponding author(s)
Klein_a),Klein et al. 2003 a),coffee arabica,Modest (10-40%),NA,natural rainforest,natural forest,low,500,reported,open,0.8035,single distance per site,counted flowers on three branches of four selected coffee shrubs per study site,24,area 23,corresponding author(s)
Klein_a),Klein et al. 2003 a),coffee arabica,Modest (10-40%),NA,natural rainforest,natural forest,low,1500,reported,open,0.65625,single distance per site,counted flowers on three branches of four selected coffee shrubs per study site,24,area 24,corresponding author(s)
Klein_b),Klein et al. 2003 b),coffee canephora,Great (40-90%),NA,natural rainforest,natural forest,low,100,reported,open,0.9665,single distance per site,four ßower-cluster at four branches of four trees at each of the 15 sites,15,area 1,corresponding author(s)
Klein_b),Klein et al. 2003 b),coffee canephora,Great (40-90%),NA,natural rainforest,natural forest,low,500,reported,open,0.851,single distance per site,four ßower-cluster at four branches of four trees at each of the 15 sites,15,area 6,corresponding author(s)
Klein_b),Klein et al. 2003 b),coffee canephora,Great (40-90%),NA,natural rainforest,natural forest,low,100,reported,open,0.912,single distance per site,four ßower-cluster at four branches of four trees at each of the 15 sites,15,area 7,corresponding author(s)
Klein_b),Klein et al. 2003 b),coffee canephora,Great (40-90%),NA,natural rainforest,natural forest,low,1000,reported,open,0.78725,single distance per site,four ßower-cluster at four branches of four trees at each of the 15 sites,15,area 8,corresponding author(s)
Klein_b),Klein et al. 2003 b),coffee canephora,Great (40-90%),NA,natural rainforest,natural forest,low,0,reported,open,0.897,single distance per site,four ßower-cluster at four branches of four trees at each of the 15 sites,15,area 9,corresponding author(s)
Klein_b),Klein et al. 2003 b),coffee canephora,Great (40-90%),NA,natural rainforest,natural forest,low,0,reported,open,0.9725,single distance per site,four ßower-cluster at four branches of four trees at each of the 15 sites,15,area 10,corresponding author(s)
Klein_b),Klein et al. 2003 b),coffee canephora,Great (40-90%),NA,natural rainforest,natural forest,low,800,reported,open,0.61125,single distance per site,four ßower-cluster at four branches of four trees at each of the 15 sites,15,area 12,corresponding author(s)
Klein_b),Klein et al. 2003 b),coffee canephora,Great (40-90%),NA,natural rainforest,natural forest,low,1500,reported,open,0.646,single distance per site,four ßower-cluster at four branches of four trees at each of the 15 sites,15,area 14,corresponding author(s)
Klein_b),Klein et al. 2003 b),coffee canephora,Great (40-90%),NA,natural rainforest,natural forest,low,0,reported,open,0.8975,single distance per site,four ßower-cluster at four branches of four trees at each of the 15 sites,15,area 16,corresponding author(s)
Klein_b),Klein et al. 2003 b),coffee canephora,Great (40-90%),NA,natural rainforest,natural forest,low,500,reported,open,0.68725,single distance per site,four ßower-cluster at four branches of four trees at each of the 15 sites,15,area 18,corresponding author(s)
Klein_b),Klein et al. 2003 b),coffee canephora,Great (40-90%),NA,natural rainforest,natural forest,low,0,reported,open,0.6875,single distance per site,four ßower-cluster at four branches of four trees at each of the 15 sites,15,area 19,corresponding author(s)
Klein_b),Klein et al. 2003 b),coffee canephora,Great (40-90%),NA,natural rainforest,natural forest,low,600,reported,open,0.771,single distance per site,four ßower-cluster at four branches of four trees at each of the 15 sites,15,area 20,corresponding author(s)
Klein_b),Klein et al. 2003 b),coffee canephora,Great (40-90%),NA,natural rainforest,natural forest,low,10,reported,open,0.889,single distance per site,four ßower-cluster at four branches of four trees at each of the 15 sites,15,area 21,corresponding author(s)
Klein_b),Klein et al. 2003 b),coffee canephora,Great (40-90%),NA,natural rainforest,natural forest,low,500,reported,open,0.7965,single distance per site,four ßower-cluster at four branches of four trees at each of the 15 sites,15,area 23,corresponding author(s)
Klein_b),Klein et al. 2003 b),coffee canephora,Great (40-90%),NA,natural rainforest,natural forest,low,1500,reported,open,0.5805,single distance per site,four ßower-cluster at four branches of four trees at each of the 15 sites,15,area 24,corresponding author(s)
Krishnan,Krishnan et al. 2012,coffee,Great (40-90%),Medium (2-15ha),forest (forest fragments rangng in size from 0.3 to 20 ha and some officially protected forests >200ha),natural forest,NA,100,reported,open,0.316,nested design,5,35,bal,corresponding author(s)
Krishnan,Krishnan et al. 2012,coffee,Great (40-90%),Medium (2-15ha),forest (forest fragments rangng in size from 0.3 to 20 ha and some officially protected forests >200ha),natural forest,NA,0,reported,open,0.2963,nested design,5,35,bas,corresponding author(s)
Krishnan,Krishnan et al. 2012,coffee,Great (40-90%),Small (<2ha),forest (forest fragments rangng in size from 0.3 to 20 ha and some officially protected forests >200ha),natural forest,NA,50,reported,open,0.5073,nested design,5,35,bas,corresponding author(s)
Krishnan,Krishnan et al. 2012,coffee,Great (40-90%),Small (<2ha),forest (forest fragments rangng in size from 0.3 to 20 ha and some officially protected forests >200ha),natural forest,NA,100,reported,open,0.3899,nested design,5,35,bas,corresponding author(s)
Krishnan,Krishnan et al. 2012,coffee,Great (40-90%),Small (<2ha),forest (forest fragments rangng in size from 0.3 to 20 ha and some officially protected forests >200ha),natural forest,NA,250,reported,open,0.382,nested design,5,35,bas,corresponding author(s)
Krishnan,Krishnan et al. 2012,coffee,Great (40-90%),Medium (2-15ha),forest (forest fragments rangng in size from 0.3 to 20 ha and some officially protected forests >200ha),natural forest,NA,500,reported,open,0.2658,nested design,5,35,bas,corresponding author(s)
Krishnan,Krishnan et al. 2012,coffee,Great (40-90%),Medium (2-15ha),forest (forest fragments rangng in size from 0.3 to 20 ha and some officially protected forests >200ha),natural forest,NA,0,reported,open,0.264,nested design,5,35,baso,corresponding author(s)
Krishnan,Krishnan et al. 2012,coffee,Great (40-90%),Medium (2-15ha),forest (forest fragments rangng in size from 0.3 to 20 ha and some officially protected forests >200ha),natural forest,NA,50,reported,open,0.4637,nested design,5,35,baso,corresponding author(s)
Krishnan,Krishnan et al. 2012,coffee,Great (40-90%),Medium (2-15ha),forest (forest fragments rangng in size from 0.3 to 20 ha and some officially protected forests >200ha),natural forest,NA,100,reported,open,0.3521,nested design,5,35,baso,corresponding author(s)
Krishnan,Krishnan et al. 2012,coffee,Great (40-90%),Medium (2-15ha),forest (forest fragments rangng in size from 0.3 to 20 ha and some officially protected forests >200ha),natural forest,NA,100,reported,open,0.3615,nested design,5,35,be,corresponding author(s)
Krishnan,Krishnan et al. 2012,coffee,Great (40-90%),Medium (2-15ha),forest (forest fragments rangng in size from 0.3 to 20 ha and some officially protected forests >200ha),natural forest,NA,0,reported,open,0.1157,nested design,5,35,chl,corresponding author(s)
Krishnan,Krishnan et al. 2012,coffee,Great (40-90%),Medium (2-15ha),forest (forest fragments rangng in size from 0.3 to 20 ha and some officially protected forests >200ha),natural forest,NA,50,reported,open,0.2415,nested design,5,35,chl,corresponding author(s)
Krishnan,Krishnan et al. 2012,coffee,Great (40-90%),Medium (2-15ha),forest (forest fragments rangng in size from 0.3 to 20 ha and some officially protected forests >200ha),natural forest,NA,100,reported,open,0.0819,nested design,5,35,chl,corresponding author(s)
Krishnan,Krishnan et al. 2012,coffee,Great (40-90%),Medium (2-15ha),forest (forest fragments rangng in size from 0.3 to 20 ha and some officially protected forests >200ha),natural forest,NA,500,reported,open,0.2805,nested design,5,35,chl,corresponding author(s)
Krishnan,Krishnan et al. 2012,coffee,Great (40-90%),Medium (2-15ha),forest (forest fragments rangng in size from 0.3 to 20 ha and some officially protected forests >200ha),natural forest,NA,0,reported,open,0.0996,nested design,5,35,chs,corresponding author(s)
Krishnan,Krishnan et al. 2012,coffee,Great (40-90%),Medium (2-15ha),forest (forest fragments rangng in size from 0.3 to 20 ha and some officially protected forests >200ha),natural forest,NA,50,reported,open,0.2028,nested design,5,35,chs,corresponding author(s)
Krishnan,Krishnan et al. 2012,coffee,Great (40-90%),Medium (2-15ha),forest (forest fragments rangng in size from 0.3 to 20 ha and some officially protected forests >200ha),natural forest,NA,100,reported,open,0.302,nested design,5,35,chs,corresponding author(s)
Krishnan,Krishnan et al. 2012,coffee,Great (40-90%),Medium (2-15ha),forest (forest fragments rangng in size from 0.3 to 20 ha and some officially protected forests >200ha),natural forest,NA,250,reported,open,0.4038,nested design,5,35,chs,corresponding author(s)
Krishnan,Krishnan et al. 2012,coffee,Great (40-90%),Medium (2-15ha),forest (forest fragments rangng in size from 0.3 to 20 ha and some officially protected forests >200ha),natural forest,NA,500,reported,open,0.2678,nested design,5,35,chs,corresponding author(s)
Krishnan,Krishnan et al. 2012,coffee,Great (40-90%),Medium (2-15ha),forest (forest fragments rangng in size from 0.3 to 20 ha and some officially protected forests >200ha),natural forest,NA,0,reported,open,0.2596,nested design,5,35,devpur,corresponding author(s)
Krishnan,Krishnan et al. 2012,coffee,Great (40-90%),Medium (2-15ha),forest (forest fragments rangng in size from 0.3 to 20 ha and some officially protected forests >200ha),natural forest,NA,50,reported,open,0.4878,nested design,5,35,devpur,corresponding author(s)
Krishnan,Krishnan et al. 2012,coffee,Great (40-90%),Medium (2-15ha),forest (forest fragments rangng in size from 0.3 to 20 ha and some officially protected forests >200ha),natural forest,NA,100,reported,open,0.4183,nested design,5,35,devpur,corresponding author(s)
Krishnan,Krishnan et al. 2012,coffee,Great (40-90%),Medium (2-15ha),forest (forest fragments rangng in size from 0.3 to 20 ha and some officially protected forests >200ha),natural forest,NA,250,reported,open,0.5465,nested design,5,35,devpur,corresponding author(s)
Krishnan,Krishnan et al. 2012,coffee,Great (40-90%),Medium (2-15ha),forest (forest fragments rangng in size from 0.3 to 20 ha and some officially protected forests >200ha),natural forest,NA,500,reported,open,0.5385,nested design,5,35,devpur,corresponding author(s)
Krishnan,Krishnan et al. 2012,coffee,Great (40-90%),Medium (2-15ha),forest (forest fragments rangng in size from 0.3 to 20 ha and some officially protected forests >200ha),natural forest,NA,0,reported,open,0.2949,nested design,5,35,dhm,corresponding author(s)
Krishnan,Krishnan et al. 2012,coffee,Great (40-90%),Medium (2-15ha),forest (forest fragments rangng in size from 0.3 to 20 ha and some officially protected forests >200ha),natural forest,NA,50,reported,open,0.595,nested design,5,35,dhm,corresponding author(s)
Krishnan,Krishnan et al. 2012,coffee,Great (40-90%),Medium (2-15ha),forest (forest fragments rangng in size from 0.3 to 20 ha and some officially protected forests >200ha),natural forest,NA,100,reported,open,0.3175,nested design,5,35,dhm,corresponding author(s)
Krishnan,Krishnan et al. 2012,coffee,Great (40-90%),Medium (2-15ha),forest (forest fragments rangng in size from 0.3 to 20 ha and some officially protected forests >200ha),natural forest,NA,250,reported,open,0.2329,nested design,5,35,dhm,corresponding author(s)
Krishnan,Krishnan et al. 2012,coffee,Great (40-90%),Medium (2-15ha),forest (forest fragments rangng in size from 0.3 to 20 ha and some officially protected forests >200ha),natural forest,NA,500,reported,open,0.3532,nested design,5,35,dhm,corresponding author(s)
Krishnan,Krishnan et al. 2012,coffee,Great (40-90%),Medium (2-15ha),forest (forest fragments rangng in size from 0.3 to 20 ha and some officially protected forests >200ha),natural forest,NA,50,reported,open,0.3333,nested design,5,35,hal,corresponding author(s)
Krishnan,Krishnan et al. 2012,coffee,Great (40-90%),Medium (2-15ha),forest (forest fragments rangng in size from 0.3 to 20 ha and some officially protected forests >200ha),natural forest,NA,250,reported,open,0.1713,nested design,5,35,hal,corresponding author(s)
Krishnan,Krishnan et al. 2012,coffee,Great (40-90%),Medium (2-15ha),forest (forest fragments rangng in size from 0.3 to 20 ha and some officially protected forests >200ha),natural forest,NA,0,reported,open,0.4654,nested design,5,35,has,corresponding author(s)
Krishnan,Krishnan et al. 2012,coffee,Great (40-90%),Medium (2-15ha),forest (forest fragments rangng in size from 0.3 to 20 ha and some officially protected forests >200ha),natural forest,NA,50,reported,open,0.4211,nested design,5,35,has,corresponding author(s)
Krishnan,Krishnan et al. 2012,coffee,Great (40-90%),Medium (2-15ha),forest (forest fragments rangng in size from 0.3 to 20 ha and some officially protected forests >200ha),natural forest,NA,100,reported,open,0.3346,nested design,5,35,has,corresponding author(s)
Krishnan,Krishnan et al. 2012,coffee,Great (40-90%),Medium (2-15ha),forest (forest fragments rangng in size from 0.3 to 20 ha and some officially protected forests >200ha),natural forest,NA,250,reported,open,0.5539,nested design,5,35,has,corresponding author(s)
Krishnan,Krishnan et al. 2012,coffee,Great (40-90%),Medium (2-15ha),forest (forest fragments rangng in size from 0.3 to 20 ha and some officially protected forests >200ha),natural forest,NA,500,reported,open,0.4204,nested design,5,35,has,corresponding author(s)
Krishnan,Krishnan et al. 2012,coffee,Great (40-90%),Medium (2-15ha),forest (forest fragments rangng in size from 0.3 to 20 ha and some officially protected forests >200ha),natural forest,NA,0,reported,open,0.3282,nested design,5,35,kap,corresponding author(s)
Krishnan,Krishnan et al. 2012,coffee,Great (40-90%),Medium (2-15ha),forest (forest fragments rangng in size from 0.3 to 20 ha and some officially protected forests >200ha),natural forest,NA,50,reported,open,0.2642,nested design,5,35,kap,corresponding author(s)
Krishnan,Krishnan et al. 2012,coffee,Great (40-90%),Medium (2-15ha),forest (forest fragments rangng in size from 0.3 to 20 ha and some officially protected forests >200ha),natural forest,NA,100,reported,open,0.523,nested design,5,35,kap,corresponding author(s)
Krishnan,Krishnan et al. 2012,coffee,Great (40-90%),Medium (2-15ha),forest (forest fragments rangng in size from 0.3 to 20 ha and some officially protected forests >200ha),natural forest,NA,250,reported,open,0.3348,nested design,5,35,kap,corresponding author(s)
Krishnan,Krishnan et al. 2012,coffee,Great (40-90%),Medium (2-15ha),forest (forest fragments rangng in size from 0.3 to 20 ha and some officially protected forests >200ha),natural forest,NA,500,reported,open,0.3787,nested design,5,35,kap,corresponding author(s)
Krishnan,Krishnan et al. 2012,coffee,Great (40-90%),Medium (2-15ha),forest (forest fragments rangng in size from 0.3 to 20 ha and some officially protected forests >200ha),natural forest,NA,0,reported,open,0.473,nested design,5,35,kil,corresponding author(s)
Krishnan,Krishnan et al. 2012,coffee,Great (40-90%),Medium (2-15ha),forest (forest fragments rangng in size from 0.3 to 20 ha and some officially protected forests >200ha),natural forest,NA,50,reported,open,0.3171,nested design,5,35,kil,corresponding author(s)
Krishnan,Krishnan et al. 2012,coffee,Great (40-90%),Small (<2ha),forest (forest fragments rangng in size from 0.3 to 20 ha and some officially protected forests >200ha),natural forest,NA,100,reported,open,0.3178,nested design,5,35,kil,corresponding author(s)
Krishnan,Krishnan et al. 2012,coffee,Great (40-90%),Medium (2-15ha),forest (forest fragments rangng in size from 0.3 to 20 ha and some officially protected forests >200ha),natural forest,NA,250,reported,open,0.3403,nested design,5,35,kil,corresponding author(s)
Krishnan,Krishnan et al. 2012,coffee,Great (40-90%),Medium (2-15ha),forest (forest fragments rangng in size from 0.3 to 20 ha and some officially protected forests >200ha),natural forest,NA,500,reported,open,0.2746,nested design,5,35,kil,corresponding author(s)
Krishnan,Krishnan et al. 2012,coffee,Great (40-90%),Small (<2ha),forest (forest fragments rangng in size from 0.3 to 20 ha and some officially protected forests >200ha),natural forest,NA,100,reported,open,0.3369,nested design,5,35,kis,corresponding author(s)
Krishnan,Krishnan et al. 2012,coffee,Great (40-90%),Medium (2-15ha),forest (forest fragments rangng in size from 0.3 to 20 ha and some officially protected forests >200ha),natural forest,NA,250,reported,open,0.4292,nested design,5,35,kis,corresponding author(s)
Krishnan,Krishnan et al. 2012,coffee,Great (40-90%),Medium (2-15ha),forest (forest fragments rangng in size from 0.3 to 20 ha and some officially protected forests >200ha),natural forest,NA,500,reported,open,0.4205,nested design,5,35,kis,corresponding author(s)
Krishnan,Krishnan et al. 2012,coffee,Great (40-90%),Medium (2-15ha),forest (forest fragments rangng in size from 0.3 to 20 ha and some officially protected forests >200ha),natural forest,NA,250,reported,open,0.283,nested design,5,35,beg,corresponding author(s)
Krishnan,Krishnan et al. 2012,coffee,Great (40-90%),Medium (2-15ha),forest (forest fragments rangng in size from 0.3 to 20 ha and some officially protected forests >200ha),natural forest,NA,500,reported,open,0.2929,nested design,5,35,beg,corresponding author(s)
Krishnan,Krishnan et al. 2012,coffee,Great (40-90%),Small (<2ha),forest (forest fragments rangng in size from 0.3 to 20 ha and some officially protected forests >200ha),natural forest,NA,0,reported,open,0.3233,nested design,5,35,hardha,corresponding author(s)
Krishnan,Krishnan et al. 2012,coffee,Great (40-90%),Small (<2ha),forest (forest fragments rangng in size from 0.3 to 20 ha and some officially protected forests >200ha),natural forest,NA,50,reported,open,0.3019,nested design,5,35,hardha,corresponding author(s)
Krishnan,Krishnan et al. 2012,coffee,Great (40-90%),Medium (2-15ha),forest (forest fragments rangng in size from 0.3 to 20 ha and some officially protected forests >200ha),natural forest,NA,100,reported,open,0.2537,nested design,5,35,hardha,corresponding author(s)
Krishnan,Krishnan et al. 2012,coffee,Great (40-90%),Small (<2ha),forest (forest fragments rangng in size from 0.3 to 20 ha and some officially protected forests >200ha),natural forest,NA,0,reported,open,0.3876,nested design,5,35,harkas,corresponding author(s)
Krishnan,Krishnan et al. 2012,coffee,Great (40-90%),Small (<2ha),forest (forest fragments rangng in size from 0.3 to 20 ha and some officially protected forests >200ha),natural forest,NA,50,reported,open,0.2793,nested design,5,35,harkas,corresponding author(s)
Krishnan,Krishnan et al. 2012,coffee,Great (40-90%),Small (<2ha),forest (forest fragments rangng in size from 0.3 to 20 ha and some officially protected forests >200ha),natural forest,NA,100,reported,open,0.2941,nested design,5,35,harkas,corresponding author(s)
Krishnan,Krishnan et al. 2012,coffee,Great (40-90%),Medium (2-15ha),forest (forest fragments rangng in size from 0.3 to 20 ha and some officially protected forests >200ha),natural forest,NA,250,reported,open,0.4913,nested design,5,35,harkas,corresponding author(s)
Krishnan,Krishnan et al. 2012,coffee,Great (40-90%),Medium (2-15ha),forest (forest fragments rangng in size from 0.3 to 20 ha and some officially protected forests >200ha),natural forest,NA,500,reported,open,0.2373,nested design,5,35,harkas,corresponding author(s)
Krishnan,Krishnan et al. 2012,coffee,Great (40-90%),Medium (2-15ha),forest (forest fragments rangng in size from 0.3 to 20 ha and some officially protected forests >200ha),natural forest,NA,0,reported,open,0.2514,nested design,5,35,ichbha,corresponding author(s)
Krishnan,Krishnan et al. 2012,coffee,Great (40-90%),Medium (2-15ha),forest (forest fragments rangng in size from 0.3 to 20 ha and some officially protected forests >200ha),natural forest,NA,50,reported,open,0.3128,nested design,5,35,ichbha,corresponding author(s)
Krishnan,Krishnan et al. 2012,coffee,Great (40-90%),Medium (2-15ha),forest (forest fragments rangng in size from 0.3 to 20 ha and some officially protected forests >200ha),natural forest,NA,100,reported,open,0.312,nested design,5,35,ichbha,corresponding author(s)
Krishnan,Krishnan et al. 2012,coffee,Great (40-90%),Medium (2-15ha),forest (forest fragments rangng in size from 0.3 to 20 ha and some officially protected forests >200ha),natural forest,NA,250,reported,open,0.4286,nested design,5,35,ichbha,corresponding author(s)
Krishnan,Krishnan et al. 2012,coffee,Great (40-90%),Medium (2-15ha),forest (forest fragments rangng in size from 0.3 to 20 ha and some officially protected forests >200ha),natural forest,NA,500,reported,open,0.1552,nested design,5,35,ichbha,corresponding author(s)
Krishnan,Krishnan et al. 2012,coffee,Great (40-90%),Medium (2-15ha),forest (forest fragments rangng in size from 0.3 to 20 ha and some officially protected forests >200ha),natural forest,NA,0,reported,open,0.1627,nested design,5,35,kon,corresponding author(s)
Krishnan,Krishnan et al. 2012,coffee,Great (40-90%),Medium (2-15ha),forest (forest fragments rangng in size from 0.3 to 20 ha and some officially protected forests >200ha),natural forest,NA,50,reported,open,0.3212,nested design,5,35,kon,corresponding author(s)
Krishnan,Krishnan et al. 2012,coffee,Great (40-90%),Medium (2-15ha),forest (forest fragments rangng in size from 0.3 to 20 ha and some officially protected forests >200ha),natural forest,NA,100,reported,open,0.211,nested design,5,35,kon,corresponding author(s)
Krishnan,Krishnan et al. 2012,coffee,Great (40-90%),Medium (2-15ha),forest (forest fragments rangng in size from 0.3 to 20 ha and some officially protected forests >200ha),natural forest,NA,50,reported,open,0.3542,nested design,5,35,kottageri,corresponding author(s)
Krishnan,Krishnan et al. 2012,coffee,Great (40-90%),Medium (2-15ha),forest (forest fragments rangng in size from 0.3 to 20 ha and some officially protected forests >200ha),natural forest,NA,250,reported,open,0.3745,nested design,5,35,kottageri,corresponding author(s)
Krishnan,Krishnan et al. 2012,coffee,Great (40-90%),Medium (2-15ha),forest (forest fragments rangng in size from 0.3 to 20 ha and some officially protected forests >200ha),natural forest,NA,500,reported,open,0.3712,nested design,5,35,kottageri,corresponding author(s)
Krishnan,Krishnan et al. 2012,coffee,Great (40-90%),Medium (2-15ha),forest (forest fragments rangng in size from 0.3 to 20 ha and some officially protected forests >200ha),natural forest,NA,0,reported,open,0.2957,nested design,5,35,kutnan,corresponding author(s)
Krishnan,Krishnan et al. 2012,coffee,Great (40-90%),Medium (2-15ha),forest (forest fragments rangng in size from 0.3 to 20 ha and some officially protected forests >200ha),natural forest,NA,50,reported,open,0.3397,nested design,5,35,kutnan,corresponding author(s)
Krishnan,Krishnan et al. 2012,coffee,Great (40-90%),Medium (2-15ha),forest (forest fragments rangng in size from 0.3 to 20 ha and some officially protected forests >200ha),natural forest,NA,100,reported,open,0.1751,nested design,5,35,kutnan,corresponding author(s)
Krishnan,Krishnan et al. 2012,coffee,Great (40-90%),Medium (2-15ha),forest (forest fragments rangng in size from 0.3 to 20 ha and some officially protected forests >200ha),natural forest,NA,250,reported,open,0.2646,nested design,5,35,kutnan,corresponding author(s)
Krishnan,Krishnan et al. 2012,coffee,Great (40-90%),Medium (2-15ha),forest (forest fragments rangng in size from 0.3 to 20 ha and some officially protected forests >200ha),natural forest,NA,250,reported,open,0.4702,nested design,5,35,nal,corresponding author(s)
Krishnan,Krishnan et al. 2012,coffee,Great (40-90%),Medium (2-15ha),forest (forest fragments rangng in size from 0.3 to 20 ha and some officially protected forests >200ha),natural forest,NA,500,reported,open,0.3238,nested design,5,35,nal,corresponding author(s)
Krishnan,Krishnan et al. 2012,coffee,Great (40-90%),Medium (2-15ha),forest (forest fragments rangng in size from 0.3 to 20 ha and some officially protected forests >200ha),natural forest,NA,50,reported,open,0.3,nested design,5,35,nit,corresponding author(s)
Krishnan,Krishnan et al. 2012,coffee,Great (40-90%),Medium (2-15ha),forest (forest fragments rangng in size from 0.3 to 20 ha and some officially protected forests >200ha),natural forest,NA,100,reported,open,0.3502,nested design,5,35,nit,corresponding author(s)
Krishnan,Krishnan et al. 2012,coffee,Great (40-90%),Medium (2-15ha),forest (forest fragments rangng in size from 0.3 to 20 ha and some officially protected forests >200ha),natural forest,NA,250,reported,open,0.5536,nested design,5,35,nit,corresponding author(s)
Krishnan,Krishnan et al. 2012,coffee,Great (40-90%),Medium (2-15ha),forest (forest fragments rangng in size from 0.3 to 20 ha and some officially protected forests >200ha),natural forest,NA,0,reported,open,0.3941,nested design,5,35,polche,corresponding author(s)
Krishnan,Krishnan et al. 2012,coffee,Great (40-90%),Medium (2-15ha),forest (forest fragments rangng in size from 0.3 to 20 ha and some officially protected forests >200ha),natural forest,NA,50,reported,open,0.4082,nested design,5,35,polche,corresponding author(s)
Krishnan,Krishnan et al. 2012,coffee,Great (40-90%),Medium (2-15ha),forest (forest fragments rangng in size from 0.3 to 20 ha and some officially protected forests >200ha),natural forest,NA,100,reported,open,0.4455,nested design,5,35,polche,corresponding author(s)
Krishnan,Krishnan et al. 2012,coffee,Great (40-90%),Medium (2-15ha),forest (forest fragments rangng in size from 0.3 to 20 ha and some officially protected forests >200ha),natural forest,NA,250,reported,open,0.3333,nested design,5,35,polche,corresponding author(s)
Krishnan,Krishnan et al. 2012,coffee,Great (40-90%),Medium (2-15ha),forest (forest fragments rangng in size from 0.3 to 20 ha and some officially protected forests >200ha),natural forest,NA,500,reported,open,0.4222,nested design,5,35,polche,corresponding author(s)
Krishnan,Krishnan et al. 2012,coffee,Great (40-90%),Medium (2-15ha),forest (forest fragments rangng in size from 0.3 to 20 ha and some officially protected forests >200ha),natural forest,NA,0,reported,open,0.314,nested design,5,35,porpon,corresponding author(s)
Krishnan,Krishnan et al. 2012,coffee,Great (40-90%),Medium (2-15ha),forest (forest fragments rangng in size from 0.3 to 20 ha and some officially protected forests >200ha),natural forest,NA,50,reported,open,0.4717,nested design,5,35,porpon,corresponding author(s)
Krishnan,Krishnan et al. 2012,coffee,Great (40-90%),Medium (2-15ha),forest (forest fragments rangng in size from 0.3 to 20 ha and some officially protected forests >200ha),natural forest,NA,100,reported,open,0.318,nested design,5,35,porpon,corresponding author(s)
Krishnan,Krishnan et al. 2012,coffee,Great (40-90%),Medium (2-15ha),forest (forest fragments rangng in size from 0.3 to 20 ha and some officially protected forests >200ha),natural forest,NA,250,reported,open,0.446,nested design,5,35,porpon,corresponding author(s)
Krishnan,Krishnan et al. 2012,coffee,Great (40-90%),Medium (2-15ha),forest (forest fragments rangng in size from 0.3 to 20 ha and some officially protected forests >200ha),natural forest,NA,100,reported,open,0.3012,nested design,5,35,tshgov,corresponding author(s)
Krishnan,Krishnan et al. 2012,coffee,Great (40-90%),Medium (2-15ha),forest (forest fragments rangng in size from 0.3 to 20 ha and some officially protected forests >200ha),natural forest,NA,0,reported,open,0.5174,nested design,5,35,tshogr,corresponding author(s)
Krishnan,Krishnan et al. 2012,coffee,Great (40-90%),Medium (2-15ha),forest (forest fragments rangng in size from 0.3 to 20 ha and some officially protected forests >200ha),natural forest,NA,50,reported,open,0.2533,nested design,5,35,tshogr,corresponding author(s)
Krishnan,Krishnan et al. 2012,coffee,Great (40-90%),Medium (2-15ha),forest (forest fragments rangng in size from 0.3 to 20 ha and some officially protected forests >200ha),natural forest,NA,100,reported,open,0.4949,nested design,5,35,tshogr,corresponding author(s)
Krishnan,Krishnan et al. 2012,coffee,Great (40-90%),Small (<2ha),forest (forest fragments rangng in size from 0.3 to 20 ha and some officially protected forests >200ha),natural forest,NA,250,reported,open,0.1735,nested design,5,35,tshogr,corresponding author(s)
Krishnan,Krishnan et al. 2012,coffee,Great (40-90%),Medium (2-15ha),forest (forest fragments rangng in size from 0.3 to 20 ha and some officially protected forests >200ha),natural forest,NA,500,reported,open,0.2903,nested design,5,35,tshogr,corresponding author(s)
Krishnan,Krishnan et al. 2012,coffee,Great (40-90%),Medium (2-15ha),forest (forest fragments rangng in size from 0.3 to 20 ha and some officially protected forests >200ha),natural forest,NA,0,reported,open,0.5577,nested design,5,35,armnew,corresponding author(s)
Krishnan,Krishnan et al. 2012,coffee,Great (40-90%),Medium (2-15ha),forest (forest fragments rangng in size from 0.3 to 20 ha and some officially protected forests >200ha),natural forest,NA,50,reported,open,0.4585,nested design,5,35,armnew,corresponding author(s)
Krishnan,Krishnan et al. 2012,coffee,Great (40-90%),Medium (2-15ha),forest (forest fragments rangng in size from 0.3 to 20 ha and some officially protected forests >200ha),natural forest,NA,100,reported,open,0.2138,nested design,5,35,armnew,corresponding author(s)
Krishnan,Krishnan et al. 2012,coffee,Great (40-90%),Medium (2-15ha),forest (forest fragments rangng in size from 0.3 to 20 ha and some officially protected forests >200ha),natural forest,NA,250,reported,open,0.3518,nested design,5,35,armnew,corresponding author(s)
Krishnan,Krishnan et al. 2012,coffee,Great (40-90%),Medium (2-15ha),forest (forest fragments rangng in size from 0.3 to 20 ha and some officially protected forests >200ha),natural forest,NA,100,reported,open,0.273,nested design,5,35,bolnew,corresponding author(s)
Krishnan,Krishnan et al. 2012,coffee,Great (40-90%),Medium (2-15ha),forest (forest fragments rangng in size from 0.3 to 20 ha and some officially protected forests >200ha),natural forest,NA,250,reported,open,0.4119,nested design,5,35,bolnew,corresponding author(s)
Krishnan,Krishnan et al. 2012,coffee,Great (40-90%),Medium (2-15ha),forest (forest fragments rangng in size from 0.3 to 20 ha and some officially protected forests >200ha),natural forest,NA,500,reported,open,0.3478,nested design,5,35,bolnew,corresponding author(s)
Krishnan,Krishnan et al. 2012,coffee,Great (40-90%),Small (<2ha),forest (forest fragments rangng in size from 0.3 to 20 ha and some officially protected forests >200ha),natural forest,NA,0,reported,open,0.3165,nested design,5,35,deviyynew,corresponding author(s)
Krishnan,Krishnan et al. 2012,coffee,Great (40-90%),Medium (2-15ha),forest (forest fragments rangng in size from 0.3 to 20 ha and some officially protected forests >200ha),natural forest,NA,50,reported,open,0.323,nested design,5,35,deviyynew,corresponding author(s)
Krishnan,Krishnan et al. 2012,coffee,Great (40-90%),Medium (2-15ha),forest (forest fragments rangng in size from 0.3 to 20 ha and some officially protected forests >200ha),natural forest,NA,100,reported,open,0.3485,nested design,5,35,deviyynew,corresponding author(s)
Krishnan,Krishnan et al. 2012,coffee,Great (40-90%),Medium (2-15ha),forest (forest fragments rangng in size from 0.3 to 20 ha and some officially protected forests >200ha),natural forest,NA,250,reported,open,0.5,nested design,5,35,deviyynew,corresponding author(s)
Krishnan,Krishnan et al. 2012,coffee,Great (40-90%),Medium (2-15ha),forest (forest fragments rangng in size from 0.3 to 20 ha and some officially protected forests >200ha),natural forest,NA,500,reported,open,0.382,nested design,5,35,deviyynew,corresponding author(s)
Krishnan,Krishnan et al. 2012,coffee,Great (40-90%),Small (<2ha),forest (forest fragments rangng in size from 0.3 to 20 ha and some officially protected forests >200ha),natural forest,NA,0,reported,open,0.3984,nested design,5,35,devtatnew,corresponding author(s)
Krishnan,Krishnan et al. 2012,coffee,Great (40-90%),Medium (2-15ha),forest (forest fragments rangng in size from 0.3 to 20 ha and some officially protected forests >200ha),natural forest,NA,50,reported,open,0.1835,nested design,5,35,devtatnew,corresponding author(s)
Krishnan,Krishnan et al. 2012,coffee,Great (40-90%),Medium (2-15ha),forest (forest fragments rangng in size from 0.3 to 20 ha and some officially protected forests >200ha),natural forest,NA,100,reported,open,0.1689,nested design,5,35,devtatnew,corresponding author(s)
Krishnan,Krishnan et al. 2012,coffee,Great (40-90%),Medium (2-15ha),forest (forest fragments rangng in size from 0.3 to 20 ha and some officially protected forests >200ha),natural forest,NA,0,reported,open,0.4939,nested design,5,35,hatvannew,corresponding author(s)
Krishnan,Krishnan et al. 2012,coffee,Great (40-90%),Medium (2-15ha),forest (forest fragments rangng in size from 0.3 to 20 ha and some officially protected forests >200ha),natural forest,NA,50,reported,open,0.5616,nested design,5,35,hatvannew,corresponding author(s)
Krishnan,Krishnan et al. 2012,coffee,Great (40-90%),Medium (2-15ha),forest (forest fragments rangng in size from 0.3 to 20 ha and some officially protected forests >200ha),natural forest,NA,100,reported,open,0.5342,nested design,5,35,hatvannew,corresponding author(s)
Krishnan,Krishnan et al. 2012,coffee,Great (40-90%),Medium (2-15ha),forest (forest fragments rangng in size from 0.3 to 20 ha and some officially protected forests >200ha),natural forest,NA,250,reported,open,0.2336,nested design,5,35,hatvannew,corresponding author(s)
Krishnan,Krishnan et al. 2012,coffee,Great (40-90%),Small (<2ha),forest (forest fragments rangng in size from 0.3 to 20 ha and some officially protected forests >200ha),natural forest,NA,500,reported,open,0.4167,nested design,5,35,hatvannew,corresponding author(s)
Krishnan,Krishnan et al. 2012,coffee,Great (40-90%),Medium (2-15ha),forest (forest fragments rangng in size from 0.3 to 20 ha and some officially protected forests >200ha),natural forest,NA,0,reported,open,0.309,nested design,5,35,kottolinew,corresponding author(s)
Krishnan,Krishnan et al. 2012,coffee,Great (40-90%),Medium (2-15ha),forest (forest fragments rangng in size from 0.3 to 20 ha and some officially protected forests >200ha),natural forest,NA,50,reported,open,0.2744,nested design,5,35,kottolinew,corresponding author(s)
Krishnan,Krishnan et al. 2012,coffee,Great (40-90%),Medium (2-15ha),forest (forest fragments rangng in size from 0.3 to 20 ha and some officially protected forests >200ha),natural forest,NA,100,reported,open,0.2749,nested design,5,35,kottolinew,corresponding author(s)
Krishnan,Krishnan et al. 2012,coffee,Great (40-90%),Medium (2-15ha),forest (forest fragments rangng in size from 0.3 to 20 ha and some officially protected forests >200ha),natural forest,NA,250,reported,open,0.3069,nested design,5,35,kottolinew,corresponding author(s)
Krishnan,Krishnan et al. 2012,coffee,Great (40-90%),Small (<2ha),forest (forest fragments rangng in size from 0.3 to 20 ha and some officially protected forests >200ha),natural forest,NA,0,reported,open,0.2523,nested design,5,35,maibatnew,corresponding author(s)
Krishnan,Krishnan et al. 2012,coffee,Great (40-90%),Small (<2ha),forest (forest fragments rangng in size from 0.3 to 20 ha and some officially protected forests >200ha),natural forest,NA,50,reported,open,0.4764,nested design,5,35,maibatnew,corresponding author(s)
Krishnan,Krishnan et al. 2012,coffee,Great (40-90%),Medium (2-15ha),forest (forest fragments rangng in size from 0.3 to 20 ha and some officially protected forests >200ha),natural forest,NA,100,reported,open,0.2627,nested design,5,35,maibatnew,corresponding author(s)
Krishnan,Krishnan et al. 2012,coffee,Great (40-90%),Medium (2-15ha),forest (forest fragments rangng in size from 0.3 to 20 ha and some officially protected forests >200ha),natural forest,NA,250,reported,open,0.2852,nested design,5,35,maibatnew,corresponding author(s)
Krishnan,Krishnan et al. 2012,coffee,Great (40-90%),Medium (2-15ha),forest (forest fragments rangng in size from 0.3 to 20 ha and some officially protected forests >200ha),natural forest,NA,500,reported,open,0.1162,nested design,5,35,maibatnew,corresponding author(s)
Krishnan,Krishnan et al. 2012,coffee,Great (40-90%),Medium (2-15ha),forest (forest fragments rangng in size from 0.3 to 20 ha and some officially protected forests >200ha),natural forest,NA,0,reported,open,0.4007,nested design,5,35,maimalnew,corresponding author(s)
Krishnan,Krishnan et al. 2012,coffee,Great (40-90%),Medium (2-15ha),forest (forest fragments rangng in size from 0.3 to 20 ha and some officially protected forests >200ha),natural forest,NA,50,reported,open,0.3655,nested design,5,35,maimalnew,corresponding author(s)
Krishnan,Krishnan et al. 2012,coffee,Great (40-90%),Medium (2-15ha),forest (forest fragments rangng in size from 0.3 to 20 ha and some officially protected forests >200ha),natural forest,NA,0,reported,open,0.0981,nested design,5,35,maimannew,corresponding author(s)
Krishnan,Krishnan et al. 2012,coffee,Great (40-90%),Medium (2-15ha),forest (forest fragments rangng in size from 0.3 to 20 ha and some officially protected forests >200ha),natural forest,NA,50,reported,open,0.156,nested design,5,35,maimannew,corresponding author(s)
Krishnan,Krishnan et al. 2012,coffee,Great (40-90%),Medium (2-15ha),forest (forest fragments rangng in size from 0.3 to 20 ha and some officially protected forests >200ha),natural forest,NA,100,reported,open,0.1957,nested design,5,35,maimannew,corresponding author(s)
Krishnan,Krishnan et al. 2012,coffee,Great (40-90%),Medium (2-15ha),forest (forest fragments rangng in size from 0.3 to 20 ha and some officially protected forests >200ha),natural forest,NA,250,reported,open,0.2948,nested design,5,35,maimannew,corresponding author(s)
Krishnan,Krishnan et al. 2012,coffee,Great (40-90%),Medium (2-15ha),forest (forest fragments rangng in size from 0.3 to 20 ha and some officially protected forests >200ha),natural forest,NA,500,reported,open,0.3433,nested design,5,35,maimannew,corresponding author(s)
Landaverde,Landaverde-Gonzales et al. 2017,chilli,Great (40-90%),Small (<2ha),"other (forest, natural vegetation comprising trees with a height >10m and fallow land, traditional domestic gardens surrounding dwellings and pastures which are an integral component of the milpa agricultural system)",other,high,0,estimated,open,0.7333,single distance per site,15,11,"Yucatan, Homún",corresponding author(s)
Landaverde,Landaverde-Gonzales et al. 2017,chilli,Great (40-90%),Small (<2ha),"other (forest, natural vegetation comprising trees with a height >10m and fallow land, traditional domestic gardens surrounding dwellings and pastures which are an integral component of the milpa agricultural system)",other,high,4,estimated,open,0.8,single distance per site,15,11,"Yucatan, Nenela 1",corresponding author(s)
Landaverde,Landaverde-Gonzales et al. 2017,chilli,Great (40-90%),Small (<2ha),"other (forest, natural vegetation comprising trees with a height >10m and fallow land, traditional domestic gardens surrounding dwellings and pastures which are an integral component of the milpa agricultural system)",other,high,17,estimated,open,0.6667,single distance per site,15,11,"Yucatan, Nenela 3",corresponding author(s)
Landaverde,Landaverde-Gonzales et al. 2017,chilli,Great (40-90%),Small (<2ha),"other (forest, natural vegetation comprising trees with a height >10m and fallow land, traditional domestic gardens surrounding dwellings and pastures which are an integral component of the milpa agricultural system)",other,high,56,estimated,open,0.6,single distance per site,15,11,"Yucatan, Tah Dziú 1",corresponding author(s)
Landaverde,Landaverde-Gonzales et al. 2017,chilli,Great (40-90%),Small (<2ha),"other (forest, natural vegetation comprising trees with a height >10m and fallow land, traditional domestic gardens surrounding dwellings and pastures which are an integral component of the milpa agricultural system)",other,high,140,estimated,open,0.6,single distance per site,15,11,"Yucatan, Tah Dziù 2 ",corresponding author(s)
Landaverde,Landaverde-Gonzales et al. 2017,chilli,Great (40-90%),Small (<2ha),"other (forest, natural vegetation comprising trees with a height >10m and fallow land, traditional domestic gardens surrounding dwellings and pastures which are an integral component of the milpa agricultural system)",other,high,0,estimated,open,0.8,single distance per site,15,11,"Yucatan, Timul 1",corresponding author(s)
Landaverde,Landaverde-Gonzales et al. 2017,chilli,Great (40-90%),Small (<2ha),"other (forest, natural vegetation comprising trees with a height >10m and fallow land, traditional domestic gardens surrounding dwellings and pastures which are an integral component of the milpa agricultural system)",other,high,30,estimated,open,0.6,single distance per site,15,11,"Yucatan, Tixcacaltuyub",corresponding author(s)
Landaverde,Landaverde-Gonzales et al. 2017,chilli,Great (40-90%),Small (<2ha),"other (forest, natural vegetation comprising trees with a height >10m and fallow land, traditional domestic gardens surrounding dwellings and pastures which are an integral component of the milpa agricultural system)",other,high,19,estimated,open,0.8,single distance per site,15,11,"Yucatan, Tixcuytun 1",corresponding author(s)
Landaverde,Landaverde-Gonzales et al. 2017,chilli,Great (40-90%),Small (<2ha),"other (forest, natural vegetation comprising trees with a height >10m and fallow land, traditional domestic gardens surrounding dwellings and pastures which are an integral component of the milpa agricultural system)",other,high,15,estimated,open,0.4667,single distance per site,15,11,"Yucatan, Tixcuytun 2 ",corresponding author(s)
Landaverde,Landaverde-Gonzales et al. 2017,chilli,Great (40-90%),Small (<2ha),"other (forest, natural vegetation comprising trees with a height >10m and fallow land, traditional domestic gardens surrounding dwellings and pastures which are an integral component of the milpa agricultural system)",other,high,117,estimated,open,0.6667,single distance per site,15,11,"Yucatan, Tixcuytun 3 ",corresponding author(s)
Landaverde,Landaverde-Gonzales et al. 2017,chilli,Great (40-90%),Small (<2ha),"other (forest, natural vegetation comprising trees with a height >10m and fallow land, traditional domestic gardens surrounding dwellings and pastures which are an integral component of the milpa agricultural system)",other,high,4,estimated,open,0.6,single distance per site,15,11,"Yucatan, Yaxcopil",corresponding author(s)
Latini,Latini et al 2020,coffee,Modest (10-40%),15,forest (Atlantic Forest Remnants),natural forest,both,0,reported,open,0.2425,nested design,12,8,braz1,corresponding author(s)
Latini,Latini et al 2020,coffee,Modest (10-40%),15,forest (Atlantic Forest Remnants),natural forest,both,30,reported,open,0.356666667,nested design,12,8,braz1,corresponding author(s)
Latini,Latini et al 2020,coffee,Modest (10-40%),15,forest (Atlantic Forest Remnants),natural forest,both,60,reported,open,0.183333333,nested design,12,8,braz1,corresponding author(s)
Latini,Latini et al 2020,coffee,Modest (10-40%),15,forest (Atlantic Forest Remnants),natural forest,both,120,reported,open,0.3375,nested design,12,8,braz1,corresponding author(s)
Latini,Latini et al 2020,coffee,Modest (10-40%),13,forest (Atlantic Forest Remnants),natural forest,both,0,reported,open,0.46,nested design,12,8,braz2,corresponding author(s)
Latini,Latini et al 2020,coffee,Modest (10-40%),13,forest (Atlantic Forest Remnants),natural forest,both,30,reported,open,0.633333333,nested design,12,8,braz2,corresponding author(s)
Latini,Latini et al 2020,coffee,Modest (10-40%),13,forest (Atlantic Forest Remnants),natural forest,both,60,reported,open,0.566666667,nested design,12,8,braz2,corresponding author(s)
Latini,Latini et al 2020,coffee,Modest (10-40%),13,forest (Atlantic Forest Remnants),natural forest,both,120,reported,open,0.528333333,nested design,12,8,braz2,corresponding author(s)
Latini,Latini et al 2020,coffee,Modest (10-40%),12.2,forest (Atlantic Forest Remnants),natural forest,both,160,reported,open,0.241666667,nested design,12,8,braz3,corresponding author(s)
Latini,Latini et al 2020,coffee,Modest (10-40%),12.2,forest (Atlantic Forest Remnants),natural forest,both,190,reported,open,0.296666667,nested design,12,8,braz3,corresponding author(s)
Latini,Latini et al 2020,coffee,Modest (10-40%),12.2,forest (Atlantic Forest Remnants),natural forest,both,220,reported,open,0.303333333,nested design,12,8,braz3,corresponding author(s)
Latini,Latini et al 2020,coffee,Modest (10-40%),12.2,forest (Atlantic Forest Remnants),natural forest,both,250,reported,open,0.2625,nested design,12,8,braz3,corresponding author(s)
Latini,Latini et al 2020,coffee,Modest (10-40%),7.5,forest (Atlantic Forest Remnants),natural forest,both,70,reported,open,0.328333333,nested design,12,8,carmo1,corresponding author(s)
Latini,Latini et al 2020,coffee,Modest (10-40%),7.5,forest (Atlantic Forest Remnants),natural forest,both,80,reported,open,0.339166667,nested design,12,8,carmo1,corresponding author(s)
Latini,Latini et al 2020,coffee,Modest (10-40%),7.5,forest (Atlantic Forest Remnants),natural forest,both,87,reported,open,0.469166667,nested design,12,8,carmo1,corresponding author(s)
Latini,Latini et al 2020,coffee,Modest (10-40%),7.5,forest (Atlantic Forest Remnants),natural forest,both,85,reported,open,0.2875,nested design,12,8,carmo1,corresponding author(s)
Latini,Latini et al 2020,coffee,Modest (10-40%),10.5,forest (Atlantic Forest Remnants),natural forest,both,0,reported,open,0.463333333,nested design,12,8,carmo2,corresponding author(s)
Latini,Latini et al 2020,coffee,Modest (10-40%),10.5,forest (Atlantic Forest Remnants),natural forest,both,30,reported,open,0.448333333,nested design,12,8,carmo2,corresponding author(s)
Latini,Latini et al 2020,coffee,Modest (10-40%),10.5,forest (Atlantic Forest Remnants),natural forest,both,60,reported,open,0.339166667,nested design,12,8,carmo2,corresponding author(s)
Latini,Latini et al 2020,coffee,Modest (10-40%),10.5,forest (Atlantic Forest Remnants),natural forest,both,120,reported,open,0.3875,nested design,12,8,carmo2,corresponding author(s)
Latini,Latini et al 2020,coffee,Modest (10-40%),11,forest (Atlantic Forest Remnants),natural forest,both,0,reported,open,0.325833333,nested design,12,8,juninho,corresponding author(s)
Latini,Latini et al 2020,coffee,Modest (10-40%),11,forest (Atlantic Forest Remnants),natural forest,both,30,reported,open,0.326666667,nested design,12,8,juninho,corresponding author(s)
Latini,Latini et al 2020,coffee,Modest (10-40%),11,forest (Atlantic Forest Remnants),natural forest,both,60,reported,open,0.428333333,nested design,12,8,juninho,corresponding author(s)
Latini,Latini et al 2020,coffee,Modest (10-40%),11,forest (Atlantic Forest Remnants),natural forest,both,120,reported,open,0.280833333,nested design,12,8,juninho,corresponding author(s)
Latini,Latini et al 2020,coffee,Modest (10-40%),13.5,forest (Atlantic Forest Remnants),natural forest,both,217,reported,open,0.338333333,nested design,12,8,texcida,corresponding author(s)
Latini,Latini et al 2020,coffee,Modest (10-40%),13.5,forest (Atlantic Forest Remnants),natural forest,both,180,reported,open,0.299166667,nested design,12,8,texcida,corresponding author(s)
Latini,Latini et al 2020,coffee,Modest (10-40%),13.5,forest (Atlantic Forest Remnants),natural forest,both,198,reported,open,0.385,nested design,12,8,texcida,corresponding author(s)
Latini,Latini et al 2020,coffee,Modest (10-40%),13.5,forest (Atlantic Forest Remnants),natural forest,both,190,reported,open,0.44,nested design,12,8,texcida,corresponding author(s)
Latini,Latini et al 2020,coffee,Modest (10-40%),5,forest (Atlantic Forest Remnants),natural forest,both,240,reported,open,0.171666667,nested design,12,8,texestr,corresponding author(s)
Latini,Latini et al 2020,coffee,Modest (10-40%),5,forest (Atlantic Forest Remnants),natural forest,both,212,reported,open,0.261666667,nested design,12,8,texestr,corresponding author(s)
Latini,Latini et al 2020,coffee,Modest (10-40%),5,forest (Atlantic Forest Remnants),natural forest,both,160,reported,open,0.259166667,nested design,12,8,texestr,corresponding author(s)
Latini,Latini et al 2020,coffee,Modest (10-40%),5,forest (Atlantic Forest Remnants),natural forest,both,150,reported,open,0.2,nested design,12,8,texestr,corresponding author(s)
Li,Li et al. 2022,oil palm,Little (0-10%),1.5ha,forest (7-ha lowland dipterocarp forest),natural forest,high,94.17192,reported,Open,0.657894737,single distance per site,1,22,P018,open access data
Li,Li et al. 2022,oil palm,Little (0-10%),1.5ha,forest (7-ha lowland dipterocarp forest),natural forest,high,80.99051,reported,Open,0.089026561,single distance per site,2,22,P023,open access data
Li,Li et al. 2022,oil palm,Little (0-10%),1.5ha,forest (7-ha lowland dipterocarp forest),natural forest,high,81.49715,reported,Open,0.485973042,single distance per site,2,22,P026,open access data
Li,Li et al. 2022,oil palm,Little (0-10%),1.5ha,forest (7-ha lowland dipterocarp forest),natural forest,high,26.99216,reported,Open,0.522040628,single distance per site,2,22,P046,open access data
Li,Li et al. 2022,oil palm,Little (0-10%),1.5ha,forest (7-ha lowland dipterocarp forest),natural forest,high,66.54315,reported,Open,0.751739367,single distance per site,2,22,P052,open access data
Li,Li et al. 2022,oil palm,Little (0-10%),1.5ha,forest (7-ha lowland dipterocarp forest),natural forest,high,58.23626,reported,Open,0.738095238,single distance per site,1,22,P054,open access data
Li,Li et al. 2022,oil palm,Little (0-10%),1.5ha,forest (7-ha lowland dipterocarp forest),natural forest,high,36.64854,reported,Open,0.565068493,single distance per site,1,22,P057,open access data
Li,Li et al. 2022,oil palm,Little (0-10%),1.5ha,forest (7-ha lowland dipterocarp forest),natural forest,high,51.08991,reported,Open,0.653968254,single distance per site,1,22,P060,open access data
Li,Li et al. 2022,oil palm,Little (0-10%),1.5ha,forest (7-ha lowland dipterocarp forest),natural forest,high,61.78805,reported,Open,0.593386507,single distance per site,2,22,P062,open access data
Li,Li et al. 2022,oil palm,Little (0-10%),1.5ha,forest (7-ha lowland dipterocarp forest),natural forest,high,11.85771,reported,Open,0.245934959,single distance per site,1,22,P069,open access data
Li,Li et al. 2022,oil palm,Little (0-10%),1.5ha,forest (7-ha lowland dipterocarp forest),natural forest,high,48.72756,reported,Open,0.854368932,single distance per site,1,22,P074,open access data
Li,Li et al. 2022,oil palm,Little (0-10%),1.5ha,forest (7-ha lowland dipterocarp forest),natural forest,high,12.29347,reported,Open,0.791884817,single distance per site,1,22,P087,open access data
Li,Li et al. 2022,oil palm,Little (0-10%),1.5ha,forest (7-ha lowland dipterocarp forest),natural forest,high,44.65634,reported,Open,0.413359183,single distance per site,3,22,P089,open access data
Li,Li et al. 2022,oil palm,Little (0-10%),1.5ha,forest (7-ha lowland dipterocarp forest),natural forest,high,38.36587,reported,Open,0.761394102,single distance per site,1,22,P091,open access data
Li,Li et al. 2022,oil palm,Little (0-10%),1.5ha,forest (7-ha lowland dipterocarp forest),natural forest,high,31.38958,reported,Open,0.849648338,single distance per site,2,22,P100,open access data
Li,Li et al. 2022,oil palm,Little (0-10%),1.5ha,forest (7-ha lowland dipterocarp forest),natural forest,high,37.88952,reported,Open,0.733201581,single distance per site,1,22,P103,open access data
Li,Li et al. 2022,oil palm,Little (0-10%),1.5ha,forest (7-ha lowland dipterocarp forest),natural forest,high,12.33807,reported,Open,0.508748066,single distance per site,2,22,P107,open access data
Li,Li et al. 2022,oil palm,Little (0-10%),1.5ha,forest (7-ha lowland dipterocarp forest),natural forest,high,17.10733,reported,Open,0.640804598,single distance per site,1,22,P114,open access data
Li,Li et al. 2022,oil palm,Little (0-10%),1.5ha,forest (7-ha lowland dipterocarp forest),natural forest,high,18.09282,reported,Open,0.744347826,single distance per site,1,22,P122,open access data
Li,Li et al. 2022,oil palm,Little (0-10%),1.5ha,forest (7-ha lowland dipterocarp forest),natural forest,high,13.05595,reported,Open,0.799212598,single distance per site,1,22,P132,open access data
Li,Li et al. 2022,oil palm,Little (0-10%),1.5ha,forest (7-ha lowland dipterocarp forest),natural forest,high,7.693682,reported,Open,0.555944056,single distance per site,1,22,P133,open access data
Li,Li et al. 2022,oil palm,Little (0-10%),1.5ha,forest (7-ha lowland dipterocarp forest),natural forest,high,2.150085,reported,Open,0.726495726,single distance per site,1,22,P135,open access data
LucasGarcia,"Lucas-Garcia and Rosas-Guerrero, unpub",mango,Great (40-90%),0.9 ha,forest,natural forest,high,787.5,reported,NA,0.01,single distance per site,20,18,Gregmix,corresponding author(s)
LucasGarcia,"Lucas-Garcia and Rosas-Guerrero, unpub",mango,Great (40-90%),1.7 ha,forest,natural forest,high,747.2,reported,NA,0.0089,single distance per site,20,18,Aldmix,corresponding author(s)
LucasGarcia,"Lucas-Garcia and Rosas-Guerrero, unpub",mango,Great (40-90%),3.0 ha,forest,natural forest,high,1106.6,reported,NA,0.00558,single distance per site,20,18,Alcanfor,corresponding author(s)
LucasGarcia,"Lucas-Garcia and Rosas-Guerrero, unpub",mango,Great (40-90%),2.5 ha,forest,natural forest,high,398.74,reported,NA,0.01006,single distance per site,20,18,Fonseca,corresponding author(s)
LucasGarcia,"Lucas-Garcia and Rosas-Guerrero, unpub",mango,Great (40-90%),1.8 ha,forest,natural forest,high,1016.81,reported,NA,0.00629,single distance per site,20,18,Bombamix,corresponding author(s)
LucasGarcia,"Lucas-Garcia and Rosas-Guerrero, unpub",mango,Great (40-90%),0.8 ha,forest,natural forest,high,212.15,reported,NA,0.02083,single distance per site,20,18,Aserr,corresponding author(s)
LucasGarcia,"Lucas-Garcia and Rosas-Guerrero, unpub",mango,Great (40-90%),3.0 ha,forest,natural forest,high,386.34,reported,NA,0.0214,single distance per site,20,18,Vicuno,corresponding author(s)
LucasGarcia,"Lucas-Garcia and Rosas-Guerrero, unpub",mango,Great (40-90%),2.9 ha,forest,natural forest,high,652.6,reported,NA,0.00783,single distance per site,20,18,Corn,corresponding author(s)
LucasGarcia,"Lucas-Garcia and Rosas-Guerrero, unpub",mango,Great (40-90%),3.0 ha,forest,natural forest,high,515.44,reported,NA,0.00989,single distance per site,20,18,Galdos,corresponding author(s)
LucasGarcia,"Lucas-Garcia and Rosas-Guerrero, unpub",mango,Great (40-90%),1.8 ha,forest,natural forest,high,1016.81,reported,NA,0.00406,single distance per site,20,18,Fonsecab,corresponding author(s)
LucasGarcia,"Lucas-Garcia and Rosas-Guerrero, unpub",mango,Great (40-90%),2.8 ha,forest,natural forest,high,476.95,reported,NA,0.01143,single distance per site,20,18,Cuatas,corresponding author(s)
LucasGarcia,"Lucas-Garcia and Rosas-Guerrero, unpub",mango,Great (40-90%),2.6 ha,forest,natural forest,high,538.32,reported,NA,0.00475,single distance per site,20,18,Entrada,corresponding author(s)
LucasGarcia,"Lucas-Garcia and Rosas-Guerrero, unpub",mango,Great (40-90%),2.0 ha,forest,natural forest,high,474.15,reported,NA,0.00667,single distance per site,20,18,Fogata,corresponding author(s)
LucasGarcia,"Lucas-Garcia and Rosas-Guerrero, unpub",mango,Great (40-90%),2.4 ha,forest,natural forest,high,52.63,reported,NA,0.02035,single distance per site,20,18,Limon,corresponding author(s)
LucasGarcia,"Lucas-Garcia and Rosas-Guerrero, unpub",mango,Great (40-90%),2.0 ha,forest,natural forest,high,614.92,reported,NA,0.01103,single distance per site,20,18,Ojoagua,corresponding author(s)
LucasGarcia,"Lucas-Garcia and Rosas-Guerrero, unpub",mango,Great (40-90%),3.0 ha,forest,natural forest,high,1030.49,reported,NA,0.00088,single distance per site,20,18,Playa,corresponding author(s)
LucasGarcia,"Lucas-Garcia and Rosas-Guerrero, unpub",mango,Great (40-90%),2.9 ha,forest,natural forest,high,265.16,reported,NA,0.00883,single distance per site,20,18,SanLuis,corresponding author(s)
LucasGarcia,"Lucas-Garcia and Rosas-Guerrero, unpub",mango,Great (40-90%),2.5 ha,forest,natural forest,high,87.01,reported,NA,0.01,single distance per site,20,18,Sustrato,corresponding author(s)
Munyuli,Munyuli 2012,coffee,Great (40-90%),0.25-15,other (forest and wetland),other,low,5000,reported,open,0.385788889,single distance per site,9,16,Namizi-West,corresponding author(s)
Munyuli,Munyuli 2012,coffee,Great (40-90%),0.25-15,other (forest and wetland),other,low,3000,reported,open,0.388788889,single distance per site,9,16,Namizi-East,corresponding author(s)
Munyuli,Munyuli 2012,coffee,Great (40-90%),0.25-15,other (forest and wetland),other,low,6000,reported,open,0.7243,single distance per site,12,16,Bamusuta,corresponding author(s)
Munyuli,Munyuli 2012,coffee,Great (40-90%),0.25-15,other (forest and wetland),other,low,1500,reported,open,0.825455556,single distance per site,6,16,KIweebwa,corresponding author(s)
Munyuli,Munyuli 2012,coffee,Great (40-90%),0.25-15,other (forest and wetland),other,low,600,reported,open,0.608488889,single distance per site,9,16,Kifu,corresponding author(s)
Munyuli,Munyuli 2012,coffee,Great (40-90%),0.25-15,other (forest and wetland),other,low,500,reported,open,0.741755556,single distance per site,9,16,Kimwanyi,corresponding author(s)
Munyuli,Munyuli 2012,coffee,Great (40-90%),0.25-15,other (forest and wetland),other,low,6000,reported,open,0.390444444,single distance per site,9,16,Naikesa,corresponding author(s)
Munyuli,Munyuli 2012,coffee,Great (40-90%),0.25-15,other (forest and wetland),other,low,6000,reported,open,0.4742,single distance per site,9,16,Bulwasi (Mabira),corresponding author(s)
Munyuli,Munyuli 2012,coffee,Great (40-90%),0.25-15,other (forest and wetland),other,low,5000,reported,open,0.462644444,single distance per site,9,16,Kinoni,corresponding author(s)
Munyuli,Munyuli 2012,coffee,Great (40-90%),0.25-15,other (forest and wetland),other,low,5000,reported,open,0.326988889,single distance per site,9,16,Lukalu,corresponding author(s)
Munyuli,Munyuli 2012,coffee,Great (40-90%),0.25-15,other (forest and wetland),other,low,100,reported,open,0.720611111,single distance per site,9,16,Mpanga,corresponding author(s)
Munyuli,Munyuli 2012,coffee,Great (40-90%),0.25-15,other (forest and wetland),other,low,7000,reported,open,0.521277778,single distance per site,9,16,Katwaade,corresponding author(s)
Munyuli,Munyuli 2012,coffee,Great (40-90%),0.25-15,other (forest and wetland),other,low,7000,reported,open,0.511633333,single distance per site,9,16,Kimuli,corresponding author(s)
Munyuli,Munyuli 2012,coffee,Great (40-90%),0.25-15,other (forest and wetland),other,low,50,reported,open,0.911055556,single distance per site,9,16,Kyetume,corresponding author(s)
Munyuli,Munyuli 2012,coffee,Great (40-90%),0.25-15,other (forest and wetland),other,low,5,reported,open,0.930266667,single distance per site,9,16,Lukumbi,corresponding author(s)
Munyuli,Munyuli 2012,coffee,Great (40-90%),0.25-15,other (forest and wetland),other,low,5,reported,open,0.825166667,single distance per site,9,16,Segalye,corresponding author(s)
Obregon,Obregon et al. 2021,lulo' or 'naranjilla',Essential (90-100%),Medium (2-15ha),forest (primary and secondary forest),natural forest,high,90,estimated,open,0.14245227,single distance per site,20,10,1 Centro Sur,corresponding author(s)
Obregon,Obregon et al. 2021,lulo' or 'naranjilla',Essential (90-100%),Medium (2-15ha),forest (primary and secondary forest),natural forest,high,55,estimated,open,0.262820512,single distance per site,13,10,10 Barriales,corresponding author(s)
Obregon,Obregon et al. 2021,lulo' or 'naranjilla',Essential (90-100%),Medium (2-15ha),forest (primary and secondary forest),natural forest,high,10,estimated,open,0.286675407,single distance per site,20,10,2 Mundo viejo ,corresponding author(s)
Obregon,Obregon et al. 2021,lulo' or 'naranjilla',Essential (90-100%),Medium (2-15ha),forest (primary and secondary forest),natural forest,high,0,estimated,open,0.094862082,single distance per site,20,10,3 Chuyagua,corresponding author(s)
Obregon,Obregon et al. 2021,lulo' or 'naranjilla',Essential (90-100%),Medium (2-15ha),forest (primary and secondary forest),natural forest,high,50,estimated,open,0.123304472,single distance per site,15,10,4 Teguita baja,corresponding author(s)
Obregon,Obregon et al. 2021,lulo' or 'naranjilla',Essential (90-100%),Medium (2-15ha),forest (primary and secondary forest),natural forest,high,23,estimated,open,0.157060995,single distance per site,20,10,5 Teguita baja,corresponding author(s)
Obregon,Obregon et al. 2021,lulo' or 'naranjilla',Essential (90-100%),Medium (2-15ha),forest (primary and secondary forest),natural forest,high,0,estimated,open,0.159670745,single distance per site,20,10,6 Barriales,corresponding author(s)
Obregon,Obregon et al. 2021,lulo' or 'naranjilla',Essential (90-100%),Medium (2-15ha),forest (primary and secondary forest),natural forest,high,70,estimated,open,0.177272727,single distance per site,20,10,7 Centro Sur,corresponding author(s)
Obregon,Obregon et al. 2021,lulo' or 'naranjilla',Essential (90-100%),Medium (2-15ha),forest (primary and secondary forest),natural forest,high,30,estimated,open,0.267676491,single distance per site,20,10,8 Centro Norte,corresponding author(s)
Obregon,Obregon et al. 2021,lulo' or 'naranjilla',Essential (90-100%),Medium (2-15ha),forest (primary and secondary forest),natural forest,high,0,estimated,open,0.185842227,single distance per site,20,10,9 Chuyagua,corresponding author(s)
SeverianoGaleana,Severiano-Galeana et al. 2024,mango,Great (40-90%),6,forest (tropical dry forest patches),natural forest,high,913.57,reported,open,0.091666667,single distance per site,6,24,aldo,open access data
SeverianoGaleana,Severiano-Galeana et al. 2024,mango,Great (40-90%),3,forest (tropical dry forest patches),natural forest,high,313.13,reported,open,0.083333333,single distance per site,6,24,bomba_tres,open access data
SeverianoGaleana,Severiano-Galeana et al. 2024,mango,Great (40-90%),2,forest (tropical dry forest patches),natural forest,high,496.75,reported,open,0.025,single distance per site,6,24,chivos,open access data
SeverianoGaleana,Severiano-Galeana et al. 2024,mango,Great (40-90%),6,forest (tropical dry forest patches),natural forest,high,1007.66,reported,open,0,single distance per site,6,24,cornelio_dos,open access data
SeverianoGaleana,Severiano-Galeana et al. 2024,mango,Great (40-90%),6,forest (tropical dry forest patches),natural forest,high,599.56,reported,open,0,single distance per site,6,24,cornelio_tres,open access data
SeverianoGaleana,Severiano-Galeana et al. 2024,mango,Great (40-90%),2,forest (tropical dry forest patches),natural forest,high,653.68,reported,open,0.05,single distance per site,6,24,cuberto,open access data
SeverianoGaleana,Severiano-Galeana et al. 2024,mango,Great (40-90%),2,forest (tropical dry forest patches),natural forest,high,626.11,reported,open,0.133333333,single distance per site,6,24,curva,open access data
SeverianoGaleana,Severiano-Galeana et al. 2024,mango,Great (40-90%),1,forest (tropical dry forest patches),natural forest,high,894.86,reported,open,0.066666667,single distance per site,6,24,david_sotelo,open access data
SeverianoGaleana,Severiano-Galeana et al. 2024,mango,Great (40-90%),2,forest (tropical dry forest patches),natural forest,high,178.17,reported,open,0,single distance per site,6,24,dorado,open access data
SeverianoGaleana,Severiano-Galeana et al. 2024,mango,Great (40-90%),4,forest (tropical dry forest patches),natural forest,high,380.88,reported,open,0.066666667,single distance per site,6,24,gregorio,open access data
SeverianoGaleana,Severiano-Galeana et al. 2024,mango,Great (40-90%),3,forest (tropical dry forest patches),natural forest,high,2000,reported,open,0,single distance per site,6,24,jesus,open access data
SeverianoGaleana,Severiano-Galeana et al. 2024,mango,Great (40-90%),4,forest (tropical dry forest patches),natural forest,high,168.35,reported,open,0.125,single distance per site,6,24,marcelino,open access data
SeverianoGaleana,Severiano-Galeana et al. 2024,mango,Great (40-90%),4,forest (tropical dry forest patches),natural forest,high,168.34,reported,open,0.025,single distance per site,6,24,marcelino_dos,open access data
SeverianoGaleana,Severiano-Galeana et al. 2024,mango,Great (40-90%),4,forest (tropical dry forest patches),natural forest,high,400.94,reported,open,0,single distance per site,6,24,marcelino_tres,open access data
SeverianoGaleana,Severiano-Galeana et al. 2024,mango,Great (40-90%),3,forest (tropical dry forest patches),natural forest,high,700.67,reported,open,0.016666667,single distance per site,6,24,margarito,open access data
SeverianoGaleana,Severiano-Galeana et al. 2024,mango,Great (40-90%),3,forest (tropical dry forest patches),natural forest,high,700.66,reported,open,0.033333333,single distance per site,6,24,margarito_dos,open access data
SeverianoGaleana,Severiano-Galeana et al. 2024,mango,Great (40-90%),4,forest (tropical dry forest patches),natural forest,high,602.07,reported,open,0.025,single distance per site,6,24,militar,open access data
SeverianoGaleana,Severiano-Galeana et al. 2024,mango,Great (40-90%),2,forest (tropical dry forest patches),natural forest,high,567.05,reported,open,0.175,single distance per site,6,24,nuxco,open access data
SeverianoGaleana,Severiano-Galeana et al. 2024,mango,Great (40-90%),4,forest (tropical dry forest patches),natural forest,high,1464.77,reported,open,0.083333333,single distance per site,6,24,nuxco_tres,open access data
SeverianoGaleana,Severiano-Galeana et al. 2024,mango,Great (40-90%),3,forest (tropical dry forest patches),natural forest,high,1024.37,reported,open,0.016666667,single distance per site,6,24,profe ,open access data
SeverianoGaleana,Severiano-Galeana et al. 2024,mango,Great (40-90%),2,forest (tropical dry forest patches),natural forest,high,261.63,reported,open,0.1,single distance per site,6,24,profe_dos,open access data
SeverianoGaleana,Severiano-Galeana et al. 2024,mango,Great (40-90%),3,forest (tropical dry forest patches),natural forest,high,262.39,reported,open,0.05,single distance per site,6,24,san_jeronimo,open access data
SeverianoGaleana,Severiano-Galeana et al. 2024,mango,Great (40-90%),3,forest (tropical dry forest patches),natural forest,high,479.25,reported,open,0.141666667,single distance per site,6,24,san_jeronimo_dos,open access data
SeverianoGaleana,Severiano-Galeana et al. 2024,mango,Great (40-90%),1,forest (tropical dry forest patches),natural forest,high,52.22,reported,open,0.116666667,single distance per site,6,24,vista_hermosa,open access data
Vogel(a),Vogel et al. (a) 2021,pigeonpea,Modest (10-40%),Small (<2ha),other (shrubland and forest),other,low,20,estimated,open,0.071,single distance per site,15,9,V2,corresponding author(s)
Vogel(a),Vogel et al. (a) 2021,pigeonpea,Modest (10-40%),Small (<2ha),other (shrubland and forest),other,low,10,estimated,open,0.528588813,single distance per site,15,9,V25,corresponding author(s)
Vogel(a),Vogel et al. (a) 2021,pigeonpea,Modest (10-40%),Small (<2ha),other (shrubland and forest),other,low,25,estimated,open,0.41666625,single distance per site,8,9,V26,corresponding author(s)
Vogel(a),Vogel et al. (a) 2021,pigeonpea,Modest (10-40%),Small (<2ha),other (shrubland and forest),other,low,40,estimated,open,0.298626371,single distance per site,14,9,V27,corresponding author(s)
Vogel(a),Vogel et al. (a) 2021,pigeonpea,Modest (10-40%),Small (<2ha),other (shrubland and forest),other,low,250,estimated,open,0.743993507,single distance per site,14,9,V28,corresponding author(s)
Vogel(a),Vogel et al. (a) 2021,pigeonpea,Modest (10-40%),Small (<2ha),other (shrubland and forest),other,low,35,estimated,open,0.128623171,single distance per site,14,9,V29,corresponding author(s)
Vogel(a),Vogel et al. (a) 2021,pigeonpea,Modest (10-40%),Small (<2ha),other (shrubland and forest),other,low,20,estimated,open,0.375,single distance per site,12,9,V30,corresponding author(s)
Vogel(a),Vogel et al. (a) 2021,pigeonpea,Modest (10-40%),Small (<2ha),other (shrubland and forest),other,low,140,estimated,open,0.212820231,single distance per site,13,9,V31,corresponding author(s)
Vogel(a),Vogel et al. (a) 2021,pigeonpea,Modest (10-40%),Small (<2ha),other (shrubland and forest),other,low,20,estimated,open,0.31862881,single distance per site,14,9,V4,corresponding author(s)
Vogel(b),Vogel et al. (b) 2023,pumpkin,Essential (90-100%),0.5-1.4,other (shrubland),other,low,170,estimated,open,0,single distance per site,5,24,V1,open access data
Vogel(b),Vogel et al. (b) 2023,pumpkin,Essential (90-100%),0.5-1.4,other (shrubland),other,low,25,estimated,open,0.666666667,single distance per site,3,24,V10,open access data
Vogel(b),Vogel et al. (b) 2023,pumpkin,Essential (90-100%),0.5-1.4,other (shrubland),other,low,70,estimated,open,0.5,single distance per site,4,24,V11,open access data
Vogel(b),Vogel et al. (b) 2023,pumpkin,Essential (90-100%),0.5-1.4,other (shrubland),other,low,80,estimated,open,0.333333333,single distance per site,3,24,V12,open access data
Vogel(b),Vogel et al. (b) 2023,pumpkin,Essential (90-100%),0.5-1.4,other (shrubland),other,low,55,estimated,open,0,single distance per site,4,24,V13,open access data
Vogel(b),Vogel et al. (b) 2023,pumpkin,Essential (90-100%),0.5-1.4,other (shrubland),other,low,12,estimated,open,0.6,single distance per site,5,24,V14,open access data
Vogel(b),Vogel et al. (b) 2023,pumpkin,Essential (90-100%),0.5-1.4,other (shrubland),other,low,15,estimated,open,0.25,single distance per site,4,24,V15,open access data
Vogel(b),Vogel et al. (b) 2023,pumpkin,Essential (90-100%),0.5-1.4,other (shrubland),other,low,NA,estimated,open,0.666666667,single distance per site,6,24,V16,open access data
Vogel(b),Vogel et al. (b) 2023,pumpkin,Essential (90-100%),0.5-1.4,other (shrubland),other,low,30,estimated,open,0.25,single distance per site,4,24,V17,open access data
Vogel(b),Vogel et al. (b) 2023,pumpkin,Essential (90-100%),0.5-1.4,other (shrubland),other,low,50,estimated,open,1,single distance per site,3,24,V18,open access data
Vogel(b),Vogel et al. (b) 2023,pumpkin,Essential (90-100%),0.5-1.4,other (shrubland),other,low,5,estimated,open,1,single distance per site,3,24,V19,open access data
Vogel(b),Vogel et al. (b) 2023,pumpkin,Essential (90-100%),0.5-1.4,other (shrubland),other,low,25,estimated,open,0.2,single distance per site,5,24,V2,open access data
Vogel(b),Vogel et al. (b) 2023,pumpkin,Essential (90-100%),0.5-1.4,other (shrubland),other,low,200,estimated,open,0.666666667,single distance per site,6,24,V20,open access data
Vogel(b),Vogel et al. (b) 2023,pumpkin,Essential (90-100%),0.5-1.4,other (shrubland),other,low,75,estimated,open,0.8,single distance per site,5,24,V21,open access data
Vogel(b),Vogel et al. (b) 2023,pumpkin,Essential (90-100%),0.5-1.4,other (shrubland),other,low,95,estimated,open,0.6,single distance per site,5,24,V22,open access data
Vogel(b),Vogel et al. (b) 2023,pumpkin,Essential (90-100%),0.5-1.4,other (shrubland),other,low,15,estimated,open,0.25,single distance per site,4,24,V23,open access data
Vogel(b),Vogel et al. (b) 2023,pumpkin,Essential (90-100%),0.5-1.4,other (shrubland),other,low,90,estimated,open,0.2,single distance per site,5,24,V24,open access data
Vogel(b),Vogel et al. (b) 2023,pumpkin,Essential (90-100%),0.5-1.4,other (shrubland),other,low,70,estimated,open,0,single distance per site,4,24,V3,open access data
Vogel(b),Vogel et al. (b) 2023,pumpkin,Essential (90-100%),0.5-1.4,other (shrubland),other,low,15,estimated,open,0.4,single distance per site,5,24,V4,open access data
Vogel(b),Vogel et al. (b) 2023,pumpkin,Essential (90-100%),0.5-1.4,other (shrubland),other,low,69,estimated,open,0,single distance per site,5,24,V5,open access data
Vogel(b),Vogel et al. (b) 2023,pumpkin,Essential (90-100%),0.5-1.4,other (shrubland),other,low,20,estimated,open,NA,single distance per site,NA,24,V6,open access data
Vogel(b),Vogel et al. (b) 2023,pumpkin,Essential (90-100%),0.5-1.4,other (shrubland),other,low,45,estimated,open,0.75,single distance per site,4,24,V7,open access data
Vogel(b),Vogel et al. (b) 2023,pumpkin,Essential (90-100%),0.5-1.4,other (shrubland),other,low,10,estimated,open,0,single distance per site,5,24,V8,open access data
Vogel(b),Vogel et al. (b) 2023,pumpkin,Essential (90-100%),0.5-1.4,other (shrubland),other,low,30,estimated,open,0.25,single distance per site,4,24,V9,open access data